age_from,age_to,node,knn_stability
1,2,N99-N99,0.13636363636363635
1,2,B50-B64,0.1111111111111111
1,2,B95-B98,0.08695652173913043
1,2,A15-A19,0.19047619047619047
1,2,K50-K52,0.35135135135135137
1,2,N10-N16,0.06382978723404255
1,2,M95-M99,0.06382978723404255
1,2,E70-E90,0.3888888888888889
1,2,I60-I69,0.3888888888888889
1,2,L00-L08,0.13636363636363635
1,2,E10-E14,0.25
1,2,A65-A69,0.21951219512195122
1,2,G35-G37,0.19047619047619047
1,2,H55-H59,0.16279069767441862
1,2,B20-B24,0.08695652173913043
1,2,H65-H75,0.5151515151515151
1,2,A50-A64,0.19047619047619047
1,2,J00-J06,0.3888888888888889
1,2,K35-K38,0.1111111111111111
1,2,C00-C97,0.47058823529411764
1,2,E40-E46,0.21951219512195122
1,2,F10-F19,0.041666666666666664
1,2,J80-J84,0.13636363636363635
1,2,N30-N39,0.08695652173913043
1,2,N25-N29,0.19047619047619047
1,2,D50-D53,0.28205128205128205
1,2,G00-G09,0.25
1,2,B85-B89,0.041666666666666664
1,2,D10-D36,0.3888888888888889
1,2,L50-L54,0.28205128205128205
1,2,D55-D59,0.02040816326530612
1,2,F60-F69,0.19047619047619047
1,2,D80-D89,0.041666666666666664
1,2,I70-I79,0.13636363636363635
1,2,K80-K87,0.08695652173913043
1,2,L40-L45,0.1111111111111111
1,2,G80-G83,0.3888888888888889
1,2,J20-J22,0.3157894736842105
1,2,K40-K46,0.21951219512195122
1,2,B65-B83,0.19047619047619047
1,2,F80-F89,0.42857142857142855
1,2,F40-F48,0.3888888888888889
1,2,I95-I99,0.21951219512195122
1,2,J90-J94,0.28205128205128205
1,2,F70-F79,0.42857142857142855
1,2,J30-J39,0.5625
1,2,N40-N51,0.041666666666666664
1,2,J95-J99,0.25
1,2,M60-M79,0.5151515151515151
1,2,H46-H48,0.13636363636363635
1,2,H15-H22,0.06382978723404255
1,2,F30-F39,0.02040816326530612
1,2,H80-H83,0.08695652173913043
1,2,N70-N77,0.08695652173913043
1,2,K55-K64,0.35135135135135137
1,2,M40-M54,0.13636363636363635
1,2,I26-I28,0.21951219512195122
1,2,E65-E68,0.19047619047619047
1,2,B15-B19,0.1111111111111111
1,2,N00-N08,0.13636363636363635
1,2,J09-J18,0.25
1,2,M80-M94,0.5151515151515151
1,2,F99-F99,0.08695652173913043
1,2,D65-D69,0.3157894736842105
1,2,A30-A49,0.3888888888888889
1,2,B25-B34,0.35135135135135137
1,2,K65-K67,0.1111111111111111
1,2,F00-F09,0.041666666666666664
1,2,L55-L59,0.1111111111111111
1,2,A70-A74,0.1111111111111111
1,2,K20-K31,0.3157894736842105
1,2,D70-D77,0.35135135135135137
1,2,H90-H95,0.47058823529411764
1,2,K90-K93,0.35135135135135137
1,2,B90-B94,0.1111111111111111
1,2,K00-K14,0.35135135135135137
1,2,F20-F29,0.02040816326530612
1,2,E50-E64,0.1111111111111111
1,2,A20-A28,0.13636363636363635
1,2,E15-E16,0.3157894736842105
1,2,H49-H52,0.42857142857142855
1,2,L60-L75,0.06382978723404255
1,2,N17-N19,0.19047619047619047
1,2,H30-H36,0.16279069767441862
1,2,E00-E07,0.041666666666666664
1,2,H00-H06,0.13636363636363635
1,2,I80-I89,0.06382978723404255
1,2,H25-H28,0.1111111111111111
1,2,J60-J70,0.19047619047619047
1,2,K70-K77,0.3157894736842105
1,2,G60-G64,0.06382978723404255
1,2,D60-D64,0.3888888888888889
1,2,L10-L14,0.06382978723404255
1,2,H40-H42,0.19047619047619047
1,2,M30-M36,0.16279069767441862
1,2,A92-A99,0.13636363636363635
1,2,A00-A09,0.25
1,2,N20-N23,0.041666666666666664
1,2,L20-L30,0.28205128205128205
1,2,H10-H13,0.16279069767441862
1,2,B35-B49,0.041666666666666664
1,2,D00-D09,0.08695652173913043
1,2,A80-A89,0.25
1,2,M00-M25,0.5625
1,2,I20-I25,0.13636363636363635
1,2,B99-B99,0.35135135135135137
1,2,J85-J86,0.041666666666666664
1,2,D37-D48,0.47058823529411764
1,2,I00-I02,0.041666666666666664
1,2,L80-L99,0.16279069767441862
1,2,I10-I15,0.02040816326530612
1,2,G30-G32,0.041666666666666664
1,2,I05-I09,0.13636363636363635
1,2,H60-H62,0.42857142857142855
1,2,B00-B09,0.35135135135135137
1,2,F50-F59,0.0
1,2,G50-G59,0.21951219512195122
1,2,H43-H45,0.02040816326530612
1,2,E20-E36,0.35135135135135137
1,2,I30-I52,0.28205128205128205
1,2,G10-G14,0.08695652173913043
1,2,F90-F98,0.3888888888888889
1,2,G20-G26,0.16279069767441862
1,2,H53-H54,0.35135135135135137
1,2,N80-N98,0.16279069767441862
1,2,G70-G73,0.19047619047619047
1,2,G40-G47,0.42857142857142855
1,2,J40-J47,0.3157894736842105
1,2,N60-N64,0.041666666666666664
1,2,G90-G99,0.42857142857142855
1,2,A75-A79,0.1111111111111111
2,3,N99-N99,0.1111111111111111
2,3,B50-B64,0.13636363636363635
2,3,B95-B98,0.041666666666666664
2,3,A15-A19,0.08695652173913043
2,3,K50-K52,0.3157894736842105
2,3,N10-N16,0.25
2,3,M95-M99,0.08695652173913043
2,3,E70-E90,0.28205128205128205
2,3,I60-I69,0.3157894736842105
2,3,L00-L08,0.1111111111111111
2,3,E10-E14,0.3157894736842105
2,3,A65-A69,0.06382978723404255
2,3,G35-G37,0.21951219512195122
2,3,H55-H59,0.25
2,3,B20-B24,0.06382978723404255
2,3,H65-H75,0.19047619047619047
2,3,A50-A64,0.041666666666666664
2,3,J00-J06,0.35135135135135137
2,3,K35-K38,0.06382978723404255
2,3,C00-C97,0.13636363636363635
2,3,E40-E46,0.041666666666666664
2,3,F10-F19,0.3157894736842105
2,3,J80-J84,0.06382978723404255
2,3,N30-N39,0.28205128205128205
2,3,N25-N29,0.06382978723404255
2,3,D50-D53,0.3157894736842105
2,3,G00-G09,0.1111111111111111
2,3,B85-B89,0.08695652173913043
2,3,D10-D36,0.1111111111111111
2,3,L50-L54,0.06382978723404255
2,3,D55-D59,0.1111111111111111
2,3,F60-F69,0.3888888888888889
2,3,D80-D89,0.06382978723404255
2,3,I70-I79,0.02040816326530612
2,3,K80-K87,0.13636363636363635
2,3,L40-L45,0.08695652173913043
2,3,G80-G83,0.25
2,3,J20-J22,0.3157894736842105
2,3,K40-K46,0.3157894736842105
2,3,B65-B83,0.1111111111111111
2,3,F80-F89,0.06382978723404255
2,3,F40-F48,0.3888888888888889
2,3,I95-I99,0.06382978723404255
2,3,J90-J94,0.35135135135135137
2,3,F70-F79,0.3888888888888889
2,3,J30-J39,0.13636363636363635
2,3,N40-N51,0.19047619047619047
2,3,J95-J99,0.19047619047619047
2,3,M60-M79,0.19047619047619047
2,3,H46-H48,0.1111111111111111
2,3,H15-H22,0.06382978723404255
2,3,F30-F39,0.35135135135135137
2,3,H80-H83,0.16279069767441862
2,3,N70-N77,0.13636363636363635
2,3,K55-K64,0.3157894736842105
2,3,M40-M54,0.25
2,3,I26-I28,0.1111111111111111
2,3,E65-E68,0.19047619047619047
2,3,B15-B19,0.3157894736842105
2,3,N00-N08,0.041666666666666664
2,3,J09-J18,0.25
2,3,M80-M94,0.13636363636363635
2,3,F99-F99,0.06382978723404255
2,3,D65-D69,0.1111111111111111
2,3,A30-A49,0.16279069767441862
2,3,B25-B34,0.35135135135135137
2,3,K65-K67,0.06382978723404255
2,3,F00-F09,0.041666666666666664
2,3,L55-L59,0.19047619047619047
2,3,A70-A74,0.041666666666666664
2,3,K20-K31,0.3157894736842105
2,3,D70-D77,0.13636363636363635
2,3,H90-H95,0.16279069767441862
2,3,K90-K93,0.3888888888888889
2,3,B90-B94,0.08695652173913043
2,3,K00-K14,0.3888888888888889
2,3,F20-F29,0.35135135135135137
2,3,E50-E64,0.13636363636363635
2,3,A20-A28,0.13636363636363635
2,3,E15-E16,0.25
2,3,H49-H52,0.21951219512195122
2,3,L60-L75,0.041666666666666664
2,3,N17-N19,0.06382978723404255
2,3,H30-H36,0.16279069767441862
2,3,E00-E07,0.1111111111111111
2,3,H00-H06,0.19047619047619047
2,3,I80-I89,0.08695652173913043
2,3,H25-H28,0.041666666666666664
2,3,J60-J70,0.08695652173913043
2,3,K70-K77,0.16279069767441862
2,3,G60-G64,0.1111111111111111
2,3,D60-D64,0.1111111111111111
2,3,L10-L14,0.08695652173913043
2,3,H40-H42,0.1111111111111111
2,3,M30-M36,0.1111111111111111
2,3,A92-A99,0.08695652173913043
2,3,A00-A09,0.35135135135135137
2,3,N20-N23,0.19047619047619047
2,3,L20-L30,0.21951219512195122
2,3,H10-H13,0.02040816326530612
2,3,B35-B49,0.06382978723404255
2,3,D00-D09,0.08695652173913043
2,3,A80-A89,0.08695652173913043
2,3,M00-M25,0.19047619047619047
2,3,I20-I25,0.041666666666666664
2,3,B99-B99,0.041666666666666664
2,3,J85-J86,0.21951219512195122
2,3,D37-D48,0.1111111111111111
2,3,I00-I02,0.02040816326530612
2,3,L80-L99,0.06382978723404255
2,3,I10-I15,0.16279069767441862
2,3,G30-G32,0.16279069767441862
2,3,I05-I09,0.08695652173913043
2,3,H60-H62,0.06382978723404255
2,3,B00-B09,0.35135135135135137
2,3,F50-F59,0.35135135135135137
2,3,G50-G59,0.08695652173913043
2,3,H43-H45,0.02040816326530612
2,3,E20-E36,0.0
2,3,I30-I52,0.35135135135135137
2,3,G10-G14,0.041666666666666664
2,3,F90-F98,0.35135135135135137
2,3,G20-G26,0.06382978723404255
2,3,H53-H54,0.19047619047619047
2,3,N80-N98,0.08695652173913043
2,3,G70-G73,0.25
2,3,G40-G47,0.35135135135135137
2,3,J40-J47,0.35135135135135137
2,3,N60-N64,0.16279069767441862
2,3,G90-G99,0.28205128205128205
2,3,A75-A79,0.08695652173913043
3,4,N99-N99,0.08695652173913043
3,4,B50-B64,0.19047619047619047
3,4,B95-B98,0.6129032258064516
3,4,A15-A19,0.041666666666666664
3,4,K50-K52,0.6129032258064516
3,4,N10-N16,0.25
3,4,M95-M99,0.19047619047619047
3,4,E70-E90,0.21951219512195122
3,4,I60-I69,0.19047619047619047
3,4,L00-L08,0.42857142857142855
3,4,E10-E14,0.35135135135135137
3,4,A65-A69,0.041666666666666664
3,4,G35-G37,0.02040816326530612
3,4,H55-H59,0.06382978723404255
3,4,B20-B24,0.47058823529411764
3,4,H65-H75,0.13636363636363635
3,4,A50-A64,0.25
3,4,J00-J06,0.3888888888888889
3,4,K35-K38,0.5151515151515151
3,4,C00-C97,0.5625
3,4,E40-E46,0.06382978723404255
3,4,F10-F19,0.47058823529411764
3,4,J80-J84,0.19047619047619047
3,4,N30-N39,0.25
3,4,N25-N29,0.1111111111111111
3,4,D50-D53,0.5625
3,4,G00-G09,0.041666666666666664
3,4,B85-B89,0.13636363636363635
3,4,D10-D36,0.42857142857142855
3,4,L50-L54,0.0
3,4,D55-D59,0.28205128205128205
3,4,F60-F69,0.5625
3,4,D80-D89,0.08695652173913043
3,4,I70-I79,0.3157894736842105
3,4,K80-K87,0.5151515151515151
3,4,L40-L45,0.08695652173913043
3,4,G80-G83,0.28205128205128205
3,4,J20-J22,0.5151515151515151
3,4,K40-K46,0.6129032258064516
3,4,B65-B83,0.041666666666666664
3,4,F80-F89,0.19047619047619047
3,4,F40-F48,0.5151515151515151
3,4,I95-I99,0.06382978723404255
3,4,J90-J94,0.35135135135135137
3,4,F70-F79,0.5625
3,4,J30-J39,0.21951219512195122
3,4,N40-N51,0.21951219512195122
3,4,J95-J99,0.35135135135135137
3,4,M60-M79,0.1111111111111111
3,4,H46-H48,0.21951219512195122
3,4,H15-H22,0.16279069767441862
3,4,F30-F39,0.5625
3,4,H80-H83,0.13636363636363635
3,4,N70-N77,0.041666666666666664
3,4,K55-K64,0.5625
3,4,M40-M54,0.1111111111111111
3,4,I26-I28,0.42857142857142855
3,4,E65-E68,0.3157894736842105
3,4,B15-B19,0.3888888888888889
3,4,N00-N08,0.35135135135135137
3,4,J09-J18,0.42857142857142855
3,4,M80-M94,0.1111111111111111
3,4,F99-F99,0.1111111111111111
3,4,D65-D69,0.47058823529411764
3,4,A30-A49,0.28205128205128205
3,4,B25-B34,0.25
3,4,K65-K67,0.5625
3,4,F00-F09,0.47058823529411764
3,4,L55-L59,0.16279069767441862
3,4,A70-A74,0.06382978723404255
3,4,K20-K31,0.5151515151515151
3,4,D70-D77,0.47058823529411764
3,4,H90-H95,0.1111111111111111
3,4,K90-K93,0.47058823529411764
3,4,B90-B94,0.6129032258064516
3,4,K00-K14,0.5151515151515151
3,4,F20-F29,0.5625
3,4,E50-E64,0.08695652173913043
3,4,A20-A28,0.08695652173913043
3,4,E15-E16,0.47058823529411764
3,4,H49-H52,0.25
3,4,L60-L75,0.47058823529411764
3,4,N17-N19,0.3888888888888889
3,4,H30-H36,0.35135135135135137
3,4,E00-E07,0.3157894736842105
3,4,H00-H06,0.08695652173913043
3,4,I80-I89,0.3888888888888889
3,4,H25-H28,0.35135135135135137
3,4,J60-J70,0.42857142857142855
3,4,K70-K77,0.25
3,4,G60-G64,0.19047619047619047
3,4,D60-D64,0.42857142857142855
3,4,L10-L14,0.041666666666666664
3,4,H40-H42,0.08695652173913043
3,4,M30-M36,0.06382978723404255
3,4,A92-A99,0.06382978723404255
3,4,A00-A09,0.6666666666666666
3,4,N20-N23,0.28205128205128205
3,4,L20-L30,0.35135135135135137
3,4,H10-H13,0.16279069767441862
3,4,B35-B49,0.25
3,4,D00-D09,0.06382978723404255
3,4,A80-A89,0.06382978723404255
3,4,M00-M25,0.06382978723404255
3,4,I20-I25,0.25
3,4,B99-B99,0.16279069767441862
3,4,J85-J86,0.13636363636363635
3,4,D37-D48,0.5151515151515151
3,4,I00-I02,0.041666666666666664
3,4,L80-L99,0.47058823529411764
3,4,I10-I15,0.3157894736842105
3,4,G30-G32,0.041666666666666664
3,4,I05-I09,0.1111111111111111
3,4,H60-H62,0.08695652173913043
3,4,B00-B09,0.1111111111111111
3,4,F50-F59,0.47058823529411764
3,4,G50-G59,0.1111111111111111
3,4,H43-H45,0.13636363636363635
3,4,E20-E36,0.06382978723404255
3,4,I30-I52,0.3888888888888889
3,4,G10-G14,0.1111111111111111
3,4,F90-F98,0.06382978723404255
3,4,G20-G26,0.35135135135135137
3,4,H53-H54,0.42857142857142855
3,4,N80-N98,0.13636363636363635
3,4,G70-G73,0.13636363636363635
3,4,G40-G47,0.35135135135135137
3,4,J40-J47,0.5151515151515151
3,4,N60-N64,0.1111111111111111
3,4,G90-G99,0.25
3,4,A75-A79,0.1111111111111111
4,5,N99-N99,0.08695652173913043
4,5,B50-B64,0.21951219512195122
4,5,B95-B98,0.6666666666666666
4,5,A15-A19,0.25
4,5,K50-K52,0.7857142857142857
4,5,N10-N16,0.6666666666666666
4,5,M95-M99,0.47058823529411764
4,5,E70-E90,0.47058823529411764
4,5,I60-I69,0.35135135135135137
4,5,L00-L08,0.3888888888888889
4,5,E10-E14,0.6129032258064516
4,5,A65-A69,0.02040816326530612
4,5,G35-G37,0.42857142857142855
4,5,H55-H59,0.21951219512195122
4,5,B20-B24,0.42857142857142855
4,5,H65-H75,0.35135135135135137
4,5,A50-A64,0.13636363636363635
4,5,J00-J06,0.47058823529411764
4,5,K35-K38,0.47058823529411764
4,5,C00-C97,0.47058823529411764
4,5,E40-E46,0.1111111111111111
4,5,F10-F19,0.42857142857142855
4,5,J80-J84,0.041666666666666664
4,5,N30-N39,0.42857142857142855
4,5,N25-N29,0.6129032258064516
4,5,D50-D53,0.6129032258064516
4,5,G00-G09,0.1111111111111111
4,5,B85-B89,0.08695652173913043
4,5,D10-D36,0.47058823529411764
4,5,L50-L54,0.6666666666666666
4,5,D55-D59,0.041666666666666664
4,5,F60-F69,0.47058823529411764
4,5,D80-D89,0.06382978723404255
4,5,I70-I79,0.3888888888888889
4,5,K80-K87,0.5625
4,5,L40-L45,0.3888888888888889
4,5,G80-G83,0.3888888888888889
4,5,J20-J22,0.35135135135135137
4,5,K40-K46,0.5625
4,5,B65-B83,0.06382978723404255
4,5,F80-F89,0.13636363636363635
4,5,F40-F48,0.42857142857142855
4,5,I95-I99,0.5151515151515151
4,5,J90-J94,0.47058823529411764
4,5,F70-F79,0.5151515151515151
4,5,J30-J39,0.42857142857142855
4,5,N40-N51,0.3888888888888889
4,5,J95-J99,0.42857142857142855
4,5,M60-M79,0.13636363636363635
4,5,H46-H48,0.13636363636363635
4,5,H15-H22,0.5625
4,5,F30-F39,0.5625
4,5,H80-H83,0.3888888888888889
4,5,N70-N77,0.02040816326530612
4,5,K55-K64,0.7241379310344828
4,5,M40-M54,0.42857142857142855
4,5,I26-I28,0.5151515151515151
4,5,E65-E68,0.3888888888888889
4,5,B15-B19,0.5151515151515151
4,5,N00-N08,0.6666666666666666
4,5,J09-J18,0.6129032258064516
4,5,M80-M94,0.13636363636363635
4,5,F99-F99,0.13636363636363635
4,5,D65-D69,0.47058823529411764
4,5,A30-A49,0.6129032258064516
4,5,B25-B34,0.3888888888888889
4,5,K65-K67,0.6129032258064516
4,5,F00-F09,0.42857142857142855
4,5,L55-L59,0.13636363636363635
4,5,A70-A74,0.06382978723404255
4,5,K20-K31,0.5625
4,5,D70-D77,0.47058823529411764
4,5,H90-H95,0.3888888888888889
4,5,K90-K93,0.6666666666666666
4,5,B90-B94,0.5151515151515151
4,5,K00-K14,0.06382978723404255
4,5,F20-F29,0.47058823529411764
4,5,E50-E64,0.3888888888888889
4,5,A20-A28,0.08695652173913043
4,5,E15-E16,0.6129032258064516
4,5,H49-H52,0.5625
4,5,L60-L75,0.42857142857142855
4,5,N17-N19,0.6666666666666666
4,5,H30-H36,0.5151515151515151
4,5,E00-E07,0.3888888888888889
4,5,H00-H06,0.1111111111111111
4,5,I80-I89,0.47058823529411764
4,5,H25-H28,0.5151515151515151
4,5,J60-J70,0.47058823529411764
4,5,K70-K77,0.47058823529411764
4,5,G60-G64,0.3157894736842105
4,5,D60-D64,0.6129032258064516
4,5,L10-L14,0.06382978723404255
4,5,H40-H42,0.6129032258064516
4,5,M30-M36,0.041666666666666664
4,5,A92-A99,0.13636363636363635
4,5,A00-A09,0.5625
4,5,N20-N23,0.7241379310344828
4,5,L20-L30,0.28205128205128205
4,5,H10-H13,0.041666666666666664
4,5,B35-B49,0.5151515151515151
4,5,D00-D09,0.06382978723404255
4,5,A80-A89,0.041666666666666664
4,5,M00-M25,0.08695652173913043
4,5,I20-I25,0.42857142857142855
4,5,B99-B99,0.08695652173913043
4,5,J85-J86,0.3888888888888889
4,5,D37-D48,0.35135135135135137
4,5,I00-I02,0.06382978723404255
4,5,L80-L99,0.3888888888888889
4,5,I10-I15,0.5151515151515151
4,5,G30-G32,0.3157894736842105
4,5,I05-I09,0.42857142857142855
4,5,H60-H62,0.47058823529411764
4,5,B00-B09,0.08695652173913043
4,5,F50-F59,0.3888888888888889
4,5,G50-G59,0.47058823529411764
4,5,H43-H45,0.6666666666666666
4,5,E20-E36,0.5151515151515151
4,5,I30-I52,0.5625
4,5,G10-G14,0.06382978723404255
4,5,F90-F98,0.16279069767441862
4,5,G20-G26,0.5625
4,5,H53-H54,0.47058823529411764
4,5,N80-N98,0.08695652173913043
4,5,G70-G73,0.06382978723404255
4,5,G40-G47,0.6129032258064516
4,5,J40-J47,0.3888888888888889
4,5,N60-N64,0.19047619047619047
4,5,G90-G99,0.35135135135135137
4,5,A75-A79,0.13636363636363635
5,6,N99-N99,0.06382978723404255
5,6,B50-B64,0.08695652173913043
5,6,B95-B98,0.5625
5,6,A15-A19,0.5151515151515151
5,6,K50-K52,0.6129032258064516
5,6,N10-N16,0.42857142857142855
5,6,M95-M99,0.5151515151515151
5,6,E70-E90,0.42857142857142855
5,6,I60-I69,0.28205128205128205
5,6,L00-L08,0.47058823529411764
5,6,E10-E14,0.5151515151515151
5,6,A65-A69,0.42857142857142855
5,6,G35-G37,0.3888888888888889
5,6,H55-H59,0.08695652173913043
5,6,B20-B24,0.06382978723404255
5,6,H65-H75,0.47058823529411764
5,6,A50-A64,0.16279069767441862
5,6,J00-J06,0.42857142857142855
5,6,K35-K38,0.42857142857142855
5,6,C00-C97,0.3157894736842105
5,6,E40-E46,0.08695652173913043
5,6,F10-F19,0.42857142857142855
5,6,J80-J84,0.6666666666666666
5,6,N30-N39,0.3157894736842105
5,6,N25-N29,0.3888888888888889
5,6,D50-D53,0.5151515151515151
5,6,G00-G09,0.3888888888888889
5,6,B85-B89,0.1111111111111111
5,6,D10-D36,0.5625
5,6,L50-L54,0.3888888888888889
5,6,D55-D59,0.13636363636363635
5,6,F60-F69,0.6129032258064516
5,6,D80-D89,0.47058823529411764
5,6,I70-I79,0.47058823529411764
5,6,K80-K87,0.47058823529411764
5,6,L40-L45,0.42857142857142855
5,6,G80-G83,0.5151515151515151
5,6,J20-J22,0.42857142857142855
5,6,K40-K46,0.6129032258064516
5,6,B65-B83,0.16279069767441862
5,6,F80-F89,0.1111111111111111
5,6,F40-F48,0.5625
5,6,I95-I99,0.42857142857142855
5,6,J90-J94,0.47058823529411764
5,6,F70-F79,0.5625
5,6,J30-J39,0.5151515151515151
5,6,N40-N51,0.25
5,6,J95-J99,0.47058823529411764
5,6,M60-M79,0.3888888888888889
5,6,H46-H48,0.041666666666666664
5,6,H15-H22,0.5151515151515151
5,6,F30-F39,0.5625
5,6,H80-H83,0.47058823529411764
5,6,N70-N77,0.1111111111111111
5,6,K55-K64,0.6129032258064516
5,6,M40-M54,0.6666666666666666
5,6,I26-I28,0.5625
5,6,E65-E68,0.42857142857142855
5,6,B15-B19,0.35135135135135137
5,6,N00-N08,0.47058823529411764
5,6,J09-J18,0.42857142857142855
5,6,M80-M94,0.35135135135135137
5,6,F99-F99,0.16279069767441862
5,6,D65-D69,0.47058823529411764
5,6,A30-A49,0.47058823529411764
5,6,B25-B34,0.25
5,6,K65-K67,0.47058823529411764
5,6,F00-F09,0.5151515151515151
5,6,L55-L59,0.08695652173913043
5,6,A70-A74,0.08695652173913043
5,6,K20-K31,0.5151515151515151
5,6,D70-D77,0.5625
5,6,H90-H95,0.42857142857142855
5,6,K90-K93,0.6666666666666666
5,6,B90-B94,0.16279069767441862
5,6,K00-K14,0.35135135135135137
5,6,F20-F29,0.6129032258064516
5,6,E50-E64,0.35135135135135137
5,6,A20-A28,0.13636363636363635
5,6,E15-E16,0.42857142857142855
5,6,H49-H52,0.6129032258064516
5,6,L60-L75,0.42857142857142855
5,6,N17-N19,0.5625
5,6,H30-H36,0.5151515151515151
5,6,E00-E07,0.47058823529411764
5,6,H00-H06,0.1111111111111111
5,6,I80-I89,0.6129032258064516
5,6,H25-H28,0.5151515151515151
5,6,J60-J70,0.35135135135135137
5,6,K70-K77,0.5151515151515151
5,6,G60-G64,0.47058823529411764
5,6,D60-D64,0.6129032258064516
5,6,L10-L14,0.041666666666666664
5,6,H40-H42,0.42857142857142855
5,6,M30-M36,0.35135135135135137
5,6,A92-A99,0.13636363636363635
5,6,A00-A09,0.47058823529411764
5,6,N20-N23,0.3888888888888889
5,6,L20-L30,0.3888888888888889
5,6,H10-H13,0.08695652173913043
5,6,B35-B49,0.6666666666666666
5,6,D00-D09,0.13636363636363635
5,6,A80-A89,0.08695652173913043
5,6,M00-M25,0.3888888888888889
5,6,I20-I25,0.6666666666666666
5,6,B99-B99,0.28205128205128205
5,6,J85-J86,0.5625
5,6,D37-D48,0.28205128205128205
5,6,I00-I02,0.1111111111111111
5,6,L80-L99,0.28205128205128205
5,6,I10-I15,0.5625
5,6,G30-G32,0.42857142857142855
5,6,I05-I09,0.6129032258064516
5,6,H60-H62,0.47058823529411764
5,6,B00-B09,0.42857142857142855
5,6,F50-F59,0.6129032258064516
5,6,G50-G59,0.3888888888888889
5,6,H43-H45,0.5625
5,6,E20-E36,0.5625
5,6,I30-I52,0.6129032258064516
5,6,G10-G14,0.041666666666666664
5,6,F90-F98,0.21951219512195122
5,6,G20-G26,0.6129032258064516
5,6,H53-H54,0.47058823529411764
5,6,N80-N98,0.13636363636363635
5,6,G70-G73,0.13636363636363635
5,6,G40-G47,0.7857142857142857
5,6,J40-J47,0.6129032258064516
5,6,N60-N64,0.1111111111111111
5,6,G90-G99,0.35135135135135137
5,6,A75-A79,0.1111111111111111
6,7,N99-N99,0.6129032258064516
6,7,B50-B64,0.1111111111111111
6,7,B95-B98,0.47058823529411764
6,7,A15-A19,0.42857142857142855
6,7,K50-K52,0.5625
6,7,N10-N16,0.47058823529411764
6,7,M95-M99,0.5151515151515151
6,7,E70-E90,0.5625
6,7,I60-I69,0.5625
6,7,L00-L08,0.42857142857142855
6,7,E10-E14,0.5151515151515151
6,7,A65-A69,0.3888888888888889
6,7,G35-G37,0.3157894736842105
6,7,H55-H59,0.47058823529411764
6,7,B20-B24,0.08695652173913043
6,7,H65-H75,0.42857142857142855
6,7,A50-A64,0.19047619047619047
6,7,J00-J06,0.35135135135135137
6,7,K35-K38,0.6666666666666666
6,7,C00-C97,0.5625
6,7,E40-E46,0.08695652173913043
6,7,F10-F19,0.5151515151515151
6,7,J80-J84,0.5625
6,7,N30-N39,0.42857142857142855
6,7,N25-N29,0.47058823529411764
6,7,D50-D53,0.6129032258064516
6,7,G00-G09,0.42857142857142855
6,7,B85-B89,0.13636363636363635
6,7,D10-D36,0.3888888888888889
6,7,L50-L54,0.25
6,7,D55-D59,0.1111111111111111
6,7,F60-F69,0.5151515151515151
6,7,D80-D89,0.6129032258064516
6,7,I70-I79,0.42857142857142855
6,7,K80-K87,0.5151515151515151
6,7,L40-L45,0.35135135135135137
6,7,G80-G83,0.42857142857142855
6,7,J20-J22,0.42857142857142855
6,7,K40-K46,0.6666666666666666
6,7,B65-B83,0.19047619047619047
6,7,F80-F89,0.041666666666666664
6,7,F40-F48,0.42857142857142855
6,7,I95-I99,0.5151515151515151
6,7,J90-J94,0.5625
6,7,F70-F79,0.35135135135135137
6,7,J30-J39,0.3157894736842105
6,7,N40-N51,0.42857142857142855
6,7,J95-J99,0.5151515151515151
6,7,M60-M79,0.47058823529411764
6,7,H46-H48,0.5625
6,7,H15-H22,0.6129032258064516
6,7,F30-F39,0.47058823529411764
6,7,H80-H83,0.3888888888888889
6,7,N70-N77,0.041666666666666664
6,7,K55-K64,0.5151515151515151
6,7,M40-M54,0.42857142857142855
6,7,I26-I28,0.6666666666666666
6,7,E65-E68,0.47058823529411764
6,7,B15-B19,0.3888888888888889
6,7,N00-N08,0.3888888888888889
6,7,J09-J18,0.47058823529411764
6,7,M80-M94,0.5625
6,7,F99-F99,0.06382978723404255
6,7,D65-D69,0.5625
6,7,A30-A49,0.5151515151515151
6,7,B25-B34,0.47058823529411764
6,7,K65-K67,0.5151515151515151
6,7,F00-F09,0.47058823529411764
6,7,L55-L59,0.5151515151515151
6,7,A70-A74,0.1111111111111111
6,7,K20-K31,0.5625
6,7,D70-D77,0.47058823529411764
6,7,H90-H95,0.42857142857142855
6,7,K90-K93,0.5625
6,7,B90-B94,0.06382978723404255
6,7,K00-K14,0.47058823529411764
6,7,F20-F29,0.42857142857142855
6,7,E50-E64,0.47058823529411764
6,7,A20-A28,0.08695652173913043
6,7,E15-E16,0.3888888888888889
6,7,H49-H52,0.5625
6,7,L60-L75,0.3157894736842105
6,7,N17-N19,0.5151515151515151
6,7,H30-H36,0.5625
6,7,E00-E07,0.5151515151515151
6,7,H00-H06,0.47058823529411764
6,7,I80-I89,0.6666666666666666
6,7,H25-H28,0.5625
6,7,J60-J70,0.5625
6,7,K70-K77,0.47058823529411764
6,7,G60-G64,0.5625
6,7,D60-D64,0.6129032258064516
6,7,L10-L14,0.16279069767441862
6,7,H40-H42,0.5151515151515151
6,7,M30-M36,0.47058823529411764
6,7,A92-A99,0.041666666666666664
6,7,A00-A09,0.35135135135135137
6,7,N20-N23,0.47058823529411764
6,7,L20-L30,0.6129032258064516
6,7,H10-H13,0.6129032258064516
6,7,B35-B49,0.5625
6,7,D00-D09,0.3888888888888889
6,7,A80-A89,0.08695652173913043
6,7,M00-M25,0.5151515151515151
6,7,I20-I25,0.35135135135135137
6,7,B99-B99,0.5151515151515151
6,7,J85-J86,0.7241379310344828
6,7,D37-D48,0.47058823529411764
6,7,I00-I02,0.1111111111111111
6,7,L80-L99,0.5151515151515151
6,7,I10-I15,0.47058823529411764
6,7,G30-G32,0.5151515151515151
6,7,I05-I09,0.6129032258064516
6,7,H60-H62,0.3888888888888889
6,7,B00-B09,0.42857142857142855
6,7,F50-F59,0.35135135135135137
6,7,G50-G59,0.6129032258064516
6,7,H43-H45,0.5625
6,7,E20-E36,0.5625
6,7,I30-I52,0.6129032258064516
6,7,G10-G14,0.16279069767441862
6,7,F90-F98,0.13636363636363635
6,7,G20-G26,0.47058823529411764
6,7,H53-H54,0.47058823529411764
6,7,N80-N98,0.02040816326530612
6,7,G70-G73,0.5151515151515151
6,7,G40-G47,0.47058823529411764
6,7,J40-J47,0.5625
6,7,N60-N64,0.21951219512195122
6,7,G90-G99,0.35135135135135137
6,7,A75-A79,0.06382978723404255
7,8,N99-N99,0.28205128205128205
7,8,B50-B64,0.1111111111111111
7,8,B95-B98,0.47058823529411764
7,8,A15-A19,0.25
7,8,K50-K52,0.47058823529411764
7,8,N10-N16,0.42857142857142855
7,8,M95-M99,0.6129032258064516
7,8,E70-E90,0.3888888888888889
7,8,I60-I69,0.47058823529411764
7,8,L00-L08,0.5151515151515151
7,8,E10-E14,0.28205128205128205
7,8,A65-A69,0.5151515151515151
7,8,G35-G37,0.041666666666666664
7,8,H55-H59,0.42857142857142855
7,8,B20-B24,0.1111111111111111
7,8,H65-H75,0.35135135135135137
7,8,A50-A64,0.1111111111111111
7,8,J00-J06,0.3888888888888889
7,8,K35-K38,0.6129032258064516
7,8,C00-C97,0.3888888888888889
7,8,E40-E46,0.25
7,8,F10-F19,0.5625
7,8,J80-J84,0.47058823529411764
7,8,N30-N39,0.47058823529411764
7,8,N25-N29,0.3888888888888889
7,8,D50-D53,0.42857142857142855
7,8,G00-G09,0.3157894736842105
7,8,B85-B89,0.041666666666666664
7,8,D10-D36,0.42857142857142855
7,8,L50-L54,0.35135135135135137
7,8,D55-D59,0.041666666666666664
7,8,F60-F69,0.041666666666666664
7,8,D80-D89,0.3157894736842105
7,8,I70-I79,0.42857142857142855
7,8,K80-K87,0.42857142857142855
7,8,L40-L45,0.42857142857142855
7,8,G80-G83,0.47058823529411764
7,8,J20-J22,0.42857142857142855
7,8,K40-K46,0.6129032258064516
7,8,B65-B83,0.06382978723404255
7,8,F80-F89,0.13636363636363635
7,8,F40-F48,0.3888888888888889
7,8,I95-I99,0.42857142857142855
7,8,J90-J94,0.5151515151515151
7,8,F70-F79,0.02040816326530612
7,8,J30-J39,0.3888888888888889
7,8,N40-N51,0.35135135135135137
7,8,J95-J99,0.6129032258064516
7,8,M60-M79,0.5625
7,8,H46-H48,0.47058823529411764
7,8,H15-H22,0.42857142857142855
7,8,F30-F39,0.47058823529411764
7,8,H80-H83,0.3157894736842105
7,8,N70-N77,0.1111111111111111
7,8,K55-K64,0.6129032258064516
7,8,M40-M54,0.5151515151515151
7,8,I26-I28,0.5625
7,8,E65-E68,0.42857142857142855
7,8,B15-B19,0.3888888888888889
7,8,N00-N08,0.35135135135135137
7,8,J09-J18,0.47058823529411764
7,8,M80-M94,0.42857142857142855
7,8,F99-F99,0.08695652173913043
7,8,D65-D69,0.5151515151515151
7,8,A30-A49,0.47058823529411764
7,8,B25-B34,0.3157894736842105
7,8,K65-K67,0.5625
7,8,F00-F09,0.5151515151515151
7,8,L55-L59,0.35135135135135137
7,8,A70-A74,0.041666666666666664
7,8,K20-K31,0.47058823529411764
7,8,D70-D77,0.3888888888888889
7,8,H90-H95,0.42857142857142855
7,8,K90-K93,0.5625
7,8,B90-B94,0.19047619047619047
7,8,K00-K14,0.3157894736842105
7,8,F20-F29,0.5151515151515151
7,8,E50-E64,0.47058823529411764
7,8,A20-A28,0.3157894736842105
7,8,E15-E16,0.3157894736842105
7,8,H49-H52,0.42857142857142855
7,8,L60-L75,0.1111111111111111
7,8,N17-N19,0.5151515151515151
7,8,H30-H36,0.47058823529411764
7,8,E00-E07,0.42857142857142855
7,8,H00-H06,0.47058823529411764
7,8,I80-I89,0.6666666666666666
7,8,H25-H28,0.47058823529411764
7,8,J60-J70,0.5625
7,8,K70-K77,0.47058823529411764
7,8,G60-G64,0.5151515151515151
7,8,D60-D64,0.47058823529411764
7,8,L10-L14,0.1111111111111111
7,8,H40-H42,0.42857142857142855
7,8,M30-M36,0.35135135135135137
7,8,A92-A99,0.21951219512195122
7,8,A00-A09,0.47058823529411764
7,8,N20-N23,0.47058823529411764
7,8,L20-L30,0.47058823529411764
7,8,H10-H13,0.47058823529411764
7,8,B35-B49,0.35135135135135137
7,8,D00-D09,0.3888888888888889
7,8,A80-A89,0.16279069767441862
7,8,M00-M25,0.5151515151515151
7,8,I20-I25,0.3888888888888889
7,8,B99-B99,0.3157894736842105
7,8,J85-J86,0.25
7,8,D37-D48,0.25
7,8,I00-I02,0.02040816326530612
7,8,L80-L99,0.47058823529411764
7,8,I10-I15,0.35135135135135137
7,8,G30-G32,0.6129032258064516
7,8,I05-I09,0.3888888888888889
7,8,H60-H62,0.1111111111111111
7,8,B00-B09,0.35135135135135137
7,8,F50-F59,0.28205128205128205
7,8,G50-G59,0.5151515151515151
7,8,H43-H45,0.47058823529411764
7,8,E20-E36,0.5151515151515151
7,8,I30-I52,0.42857142857142855
7,8,G10-G14,0.1111111111111111
7,8,F90-F98,0.041666666666666664
7,8,G20-G26,0.5151515151515151
7,8,H53-H54,0.42857142857142855
7,8,N80-N98,0.08695652173913043
7,8,G70-G73,0.35135135135135137
7,8,G40-G47,0.47058823529411764
7,8,J40-J47,0.6129032258064516
7,8,N60-N64,0.08695652173913043
7,8,G90-G99,0.42857142857142855
7,8,A75-A79,0.06382978723404255
