node,mean_drift,std_drift,n_transitions,chronic
E74,3.64387195450919,0.5398178404016841,7,False
E73,3.519864695412772,0.5794670199104588,7,False
D06,3.3601961668048586,2.344206343491294,7,False
N87,3.3259877072913304,2.3066691044138348,7,True
M23,3.323011193956648,1.0483178542962428,7,True
N92,3.3032010282788957,0.8884687194823717,7,True
M22,3.300641196114676,1.0239502255160795,7,True
M67,3.2887461526053294,0.9973972815528971,7,True
D27,3.2715319224766324,0.839693192756962,7,False
N73,3.266960178102766,0.889148169190163,7,False
M65,3.237661225455148,1.0481897743198447,7,True
D24,3.234838410147599,1.6809236103857006,7,False
C73,3.1814840425338065,1.7170685977418108,7,False
K65,3.139543756842613,2.113717607145202,7,False
D48,3.125849180987903,1.6715314019853709,7,True
E06,3.1164934975760326,1.600908917487876,7,True
N83,3.101452725274222,0.8124593986695753,7,True
E89,3.0947016509515897,1.7635699425765294,7,False
C43,3.0367365181446075,2.8457758056478943,7,False
N60,3.0227172672748566,2.1468286560598027,7,False
N93,2.9848532836352075,2.2532681526216574,7,True
M25,2.9663479157856534,1.3580432979751773,7,True
I82,2.8999832112874304,1.3888239876454582,7,False
M51,2.8640097890581404,1.2794723712011962,7,True
G35,2.858995497226715,2.16805007175459,7,False
N70,2.838199403669153,1.529186613557818,7,False
N88,2.8321519855942046,1.9685591346304754,7,True
N80,2.828680337539741,1.4633917054411274,7,False
E14,2.726552367210388,1.4313554679420832,7,True
M94,2.723283269575664,1.4792563628382969,7,False
K60,2.723005941935948,1.3253729864691561,7,False
N94,2.7078041583299637,1.4756675487504558,7,True
N64,2.6970947917018617,2.2957806655539033,7,False
M95,2.683031086410795,1.722317944213172,7,False
K80,2.6827358518327986,0.6376364130821054,7,True
C53,2.67742265441588,1.921180144756348,7,False
K35,2.6634383254817555,2.523629776994786,7,False
M81,2.654531512941633,0.983258596208999,7,True
K50,2.640634162085397,1.0635012917041022,7,False
J33,2.636289981859071,1.6290637879253231,7,False
N84,2.6084120305521146,1.2285102303236086,7,True
N85,2.6058475875428746,1.2139121841492797,7,True
J32,2.6011501380375455,1.0497876963982384,7,False
M54,2.58783973966326,1.2628564344794309,7,True
K07,2.5851567653673038,2.73265208396364,7,False
K01,2.5697602161339352,2.7746578434213522,7,False
M24,2.553744022335325,1.5168513489953859,7,True
B37,2.548714739935739,1.6843287019303608,7,False
M41,2.5354768889290944,1.33291731201729,7,True
I83,2.5241528345005855,1.8060788213472845,7,True
H93,2.5195653438568115,1.7593973982538846,7,False
N62,2.5166421479412486,2.555846881742123,7,False
E04,2.494216955133847,1.4516165679669484,7,True
G43,2.4862676007407054,0.9027276044526567,7,True
G44,2.482847911970956,0.808463988832867,7,True
N86,2.467751769082887,2.4886224032218442,7,True
D22,2.457434135888304,2.3312851798661978,7,False
F25,2.4531935346978053,1.14433374542101,7,False
I80,2.4351940591420447,1.2165127903903339,7,False
D39,2.432082911687238,1.1696198339821036,7,False
F10,2.4257100990840366,0.7956115682232635,7,False
K85,2.420801750251225,1.1771972575567886,7,False
D25,2.417448902236564,1.1942448149562048,7,False
I10,2.403113910130092,0.8044812333685649,7,True
J01,2.4013544203979627,1.468258065640938,7,False
K83,2.3949623395289694,1.2391061844720184,7,False
N99,2.3909022946442877,1.6648789911772075,7,False
D05,2.3820593282580376,1.7765329660970612,7,False
C82,2.371998323925904,2.6813430026842253,7,False
E66,2.36699903011322,0.8352238574098344,7,True
J03,2.3584750475628034,1.5244390829911936,7,False
K92,2.3567343950271606,0.7881152896805836,7,False
K81,2.3557670371873036,1.2006881938252594,7,True
I87,2.34386185663087,1.8612746893679086,7,True
I26,2.3375517960105623,1.1962440407812716,7,False
K66,2.337518749492509,1.185740628614882,7,False
N20,2.3356494903564453,1.199214612191261,7,True
F20,2.3239967918821742,1.217032152577986,7,False
K76,2.3236436332975114,0.8266601231622471,7,True
K36,2.320206685789994,1.7294346425841165,7,False
G47,2.314005511147635,0.7870490009374256,7,True
N23,2.3107279539108276,1.170458076985346,7,False
M20,2.3100370413490703,1.646724920364844,7,True
M77,2.308879672416619,1.657571846257221,7,True
K82,2.3021976766841754,1.225198356548914,7,False
G55,2.292666577867099,1.346950015610229,7,True
C85,2.2898514611380443,2.491235231740763,7,False
C71,2.2822048334138736,1.8588585871141012,7,False
C83,2.2747496323926106,2.474653173289186,7,False
C78,2.266336656574692,1.8682890441837228,7,False
K44,2.2613440241132463,0.937657874756778,7,False
C79,2.256380564400128,1.8563290179106615,7,False
E03,2.2559038741247996,0.8131779945565324,7,True
C77,2.251799957028457,1.8174739793829755,7,False
F13,2.246863535472325,0.826643947368949,7,False
K29,2.241269826889038,0.9081347005459061,7,True
E78,2.2229494878223965,0.8081886240192044,7,True
C50,2.221282205411366,1.6960023684836782,7,False
G91,2.217377748872553,1.5830842908157494,7,False
N31,2.2172718218394687,1.2942868622007877,7,False
I95,2.2095558302743092,0.8448930667541126,7,True
H33,2.2034233962850913,1.6046602160076362,7,True
K37,2.1982291425977434,2.7109301875589025,7,False
L90,2.1868863063199178,1.6208765512733025,7,False
F43,2.1825044325419833,0.7957526046845964,7,False
K61,2.174311308988503,1.742147983910938,7,False
K42,2.1559997041310583,2.2680818234474183,7,False
B18,2.1480320298245976,1.0857485020924533,7,False
F17,2.1455011197498868,0.7186805736561196,7,True
J36,2.138704178588731,2.1775291167146555,7,False
F50,2.1345942254577364,1.2088506048378835,7,False
F45,2.107908470290048,0.845353042508633,7,True
F19,2.1068128677351132,1.194921164651655,7,False
G56,2.0923794752785136,1.555203302762344,7,True
H90,2.081644716007369,1.7689068337842053,7,True
E10,2.072459476334708,0.917655906010171,7,True
F44,2.070619650185108,1.2065478620664754,7,False
C64,2.0645561314054897,2.5284412813512156,7,False
N35,2.062745520046779,1.2769953703964878,7,False
F60,2.062586343714169,1.177054644305977,7,False
J34,2.0555841752461026,0.28401885425566137,7,False
E05,2.036462078137057,1.1627128947408178,7,True
H91,2.02548257793699,0.9050834122945277,7,True
C54,2.0249544781233584,1.8587456261837811,7,False
D41,2.024475951279913,2.495895503252448,7,False
M75,2.0221633554569314,1.528507714215282,7,True
F32,2.018302627972194,0.8659733673503626,7,True
F33,2.0077761922563826,0.8468027830867003,7,True
L98,2.00534623754876,1.605295469797828,7,False
M17,1.9908913193004472,1.5412141947511597,7,True
K25,1.9853193664125033,1.0437596080948506,7,True
D23,1.9766332523099013,1.826392399636465,7,False
K62,1.9682006144097872,1.3152066914552984,7,False
K04,1.9675372615456581,2.245712751098343,7,False
N18,1.9572429550545556,1.112230592596886,7,True
K02,1.9563596887247903,2.2554033776967164,7,False
J35,1.9551226475409098,1.519984978196351,7,False
A09,1.9453036444527763,0.8101624367870497,7,False
K51,1.9448668797101294,1.0349983238805671,7,False
D68,1.9373189296041216,1.5804770693714643,7,False
N71,1.9344877786934376,1.800581953557686,7,False
E86,1.9342330353600639,0.8237655876794722,7,False
H53,1.9337251377957207,2.2737584382766074,7,True
D70,1.9248612618872099,1.6570154936242765,7,False
D64,1.9229769706726074,1.1830593255882311,7,True
N77,1.917974336871079,2.5301134346993157,7,False
D43,1.9141352719494276,1.957709717182497,7,False
K71,1.9133582413196564,1.3275858008271395,7,True
A63,1.9057023663605963,2.343712370072761,7,False
F23,1.9046640491911344,1.3675545642055067,7,False
E11,1.8998584050152982,1.025734699352105,7,True
N95,1.8984071431415421,1.7323886377199627,7,True
N97,1.8941929819328445,1.7946429135498474,7,False
J06,1.8939564738954817,0.7424985898728911,7,False
B96,1.8895390411572797,1.2876472245200856,7,False
D62,1.8700900844165258,1.7065388548186737,7,True
N81,1.8620825186371803,1.2934853414057137,7,True
K70,1.8553452704633986,1.3222139780423925,7,True
H46,1.841127757515226,3.0208753021762975,7,True
F61,1.838959437395845,1.362065189499584,7,False
M53,1.833863330738885,1.1360885815055606,7,True
M19,1.8274742886424065,1.4481725637762526,7,True
M62,1.8203930562095982,1.5408887337287027,7,True
G51,1.8103321641683578,2.1404261184781648,7,True
I63,1.809859009725707,1.2889457046500066,7,False
I84,1.8063777408429555,1.2672181836737069,7,True
K31,1.799242801964283,1.008278313787932,7,False
F31,1.7958048550145966,1.0127207703323842,7,False
K58,1.7940165751746722,0.9937195304374667,7,False
J96,1.7919850370713644,1.5017859441029602,7,False
D50,1.7759239843913488,0.4914228854163568,7,True
J90,1.7675361814243453,1.4278503479924045,7,False
I21,1.7588905191847257,1.3293970798828427,7,True
K63,1.7553745534803187,1.0056251670021792,7,False
K52,1.751846330506461,0.5414898887080587,7,False
D17,1.7471239705170905,1.657147528238319,7,False
H83,1.7459416847143854,2.858701153392503,7,False
F40,1.741943365761212,1.2879215582608652,7,True
I47,1.7414457361613,1.2057991954770484,7,True
M05,1.7394578627177648,1.6078295855972875,7,True
E16,1.7356130640421594,2.0304804111508403,7,False
A08,1.7256120219826698,1.6296784025503661,7,False
G82,1.7247798559921128,1.614913062626012,7,False
M71,1.7148009038397245,1.5858306527512558,7,True
H81,1.7134463946734155,1.5180297754046588,7,True
I25,1.7041382289358549,1.2930488442715111,7,True
H50,1.692093355315072,0.8040870292824606,7,True
A46,1.6885897900377,1.5391841393528491,7,False
D21,1.6856020699654306,1.566437544669277,7,False
J20,1.671222490391561,1.2410204690637134,7,False
C18,1.6667667776346207,1.6069153325333074,7,False
K21,1.6618922437940324,0.3438143466397268,7,True
F41,1.6617083890097482,0.836303244992022,7,True
K26,1.6563294742788588,1.1945109952713755,7,True
I60,1.653125326548304,1.5568723035115528,7,True
D38,1.6476969282541956,1.5722052745391886,7,False
J98,1.6447673961520195,1.265122368025329,7,False
G93,1.6438484330262457,1.368854715931992,7,False
D69,1.6381623462906905,1.4407062070051797,7,False
A41,1.637592221477202,1.5487847970432713,7,False
K56,1.6371164662497384,0.24078197347071334,7,False
N19,1.6323595440813474,1.2363023473495758,7,True
J38,1.6313831215458257,1.442550245494225,7,False
G54,1.626450786633151,1.189664306343041,7,True
E65,1.6242995240858622,1.9728876258405548,7,False
M21,1.6236799348677908,1.5618207597291318,7,True
E87,1.615321934223175,0.6118640240974313,7,False
C56,1.6120192536285944,1.5265423519599934,7,False
F11,1.6062814827476228,1.6419286011404797,7,False
H52,1.6033703769956316,0.9480730610403764,7,True
M48,1.599523561341422,1.2374837057891095,7,True
K86,1.5991824152214187,1.447321880997476,7,False
M93,1.599054108772959,1.5452636710558405,7,False
K22,1.5986395749662603,1.1663832610916014,7,True
N28,1.5933420115283556,1.3533874307683775,7,False
D34,1.5724788127200944,1.4980325921782083,7,False
N98,1.570730321109295,1.913479373056717,7,False
A69,1.5690307234014784,2.2284354832269586,7,False
B35,1.5622219666838646,1.8774704422242936,7,False
K40,1.5602328186588628,2.417244290391726,7,False
F12,1.557864015655858,1.580708053867119,7,False
F70,1.5551654824188776,1.5830577849140215,7,False
K59,1.5507139989307948,0.3052825064658349,7,False
D18,1.54843420535326,1.1041381862483646,7,False
E28,1.545175437416349,1.8827357232367492,7,False
K74,1.5441849529743195,1.4088875480796725,7,True
C34,1.541456928210599,1.4808155243917953,7,False
J44,1.53972343568291,1.21920499090399,7,True
C55,1.5391525221722466,1.8489459007317393,7,False
I72,1.5361764580011368,1.4832711828862621,7,True
M06,1.5355695230620248,1.4471291693891144,7,True
M50,1.5353788084217481,1.1575136178834253,7,True
I73,1.5329818299838476,1.4463526587810618,7,True
M43,1.5326898832406317,1.2205407082596753,7,True
F48,1.525727551962648,1.0666247507908753,7,False
I85,1.5234281527144569,1.3861803484424409,7,True
F42,1.521460045661245,1.4486731567838076,7,False
N13,1.5145407915115356,0.28814819165650757,7,False
G57,1.5109488016792707,1.3785953558283426,7,True
J30,1.5106002943856376,0.5614119610387127,7,False
M34,1.5067138097115926,1.5620391366022157,7,True
J40,1.499350257217884,1.253529680236998,7,True
J15,1.4984226088438715,1.3903002864988616,7,False
M99,1.480204354439463,1.1554152420128048,7,False
K43,1.4709300558481897,1.3510999833920156,7,False
M42,1.4617972427180834,1.1741806363048235,7,True
K57,1.456705360540322,1.0429568555950068,7,True
F34,1.4561345779470034,1.0498949411140606,7,False
M72,1.4530457194362367,1.774442209707044,7,True
I69,1.4502751986895288,1.3817853729345535,7,True
N76,1.4450185799172945,1.0657788775592452,7,False
E83,1.4406537051711763,1.3759053738634774,7,False
M79,1.4392123882259642,1.0301762718843055,7,True
I34,1.4390761458448,1.3510314181691823,7,True
N12,1.4387589043804578,0.8914996124972839,7,False
G81,1.4370133844869477,1.5419312440925972,7,False
I67,1.4281871765851974,1.3961349233388785,7,True
E21,1.422794836972441,1.3181308929743327,7,False
E79,1.4186391873019082,1.0608169307729112,7,True
M47,1.4172702357172966,1.1204381446463174,7,True
N30,1.4170971427645003,0.26846290070646284,7,False
G40,1.4134523357663835,0.22358784236231458,7,False
F07,1.4082426439438547,1.3413573908269576,7,False
I70,1.4047876138772284,1.3231053807310675,7,True
D37,1.4031655405248915,1.290412087268601,7,False
H80,1.4026652010423797,2.275051517861109,7,False
I64,1.399528565151351,1.3318694299007205,7,False
N17,1.3993182671921593,1.32306206614227,7,False
L57,1.3963116971509797,2.3172903289681184,7,False
I49,1.3829074278473854,1.3229880265016216,7,True
M13,1.3818196010376727,1.2324080412293492,7,True
M96,1.3718930355140142,1.287425482946131,7,False
L50,1.3683815843292646,1.327283760160329,7,False
I48,1.3647324283208166,1.298352657132706,7,True
I15,1.3596039041876793,1.2311495091985138,7,True
C21,1.350835700652429,1.662556453497059,7,False
C44,1.3491516347442354,2.2388235431305787,7,False
I42,1.341855219432286,1.2761358864487802,7,False
D63,1.339639201760292,1.2360638399966173,7,True
N10,1.3297159671783447,0.1887470015756696,7,False
H40,1.3253061164702689,1.2163115235528197,7,True
G41,1.318788899907044,1.8003404912769985,7,False
I65,1.3184705451130867,1.2400994541983783,7,True
C20,1.3111738370997565,1.6054686193093102,7,False
H25,1.3111281607832228,1.4019438575971406,7,True
M16,1.3052324397223336,1.20090976757044,7,True
K20,1.300723594214235,1.206236298132523,7,False
M40,1.2988331349832671,1.1912517025112364,7,True
L03,1.2979986454759325,1.4100948451535034,7,False
A04,1.2979612707027368,1.3007583380648573,7,False
I50,1.2932199974145209,1.2500740234911307,7,True
D35,1.2917323783040047,1.1636047087640478,7,False
H02,1.2893394061497279,1.5280730616319638,7,False
J22,1.2769938984087534,1.2970578589256385,7,False
C19,1.269668127809252,1.5600502777408283,7,False
J18,1.2695758257593428,0.3402513856693607,7,False
I89,1.2656241421188628,1.1709344125294197,7,False
I35,1.2608852886727877,1.13133594118454,7,True
I61,1.2605068066290446,1.1664661295866783,7,False
J31,1.25819195913417,1.6720368052759558,7,False
D12,1.2556845407400812,1.2295417444222392,7,False
D13,1.255503085042749,1.1673854618298138,7,False
J43,1.2490994589669364,1.1849901596949086,7,True
G45,1.2423138224652834,1.1353007056769857,7,True
G25,1.239450594144208,1.152938766816838,7,False
G62,1.2340217142232828,1.1297253302223984,7,True
E13,1.2302104468856538,1.1637113996085318,7,True
H26,1.2285061765994345,1.4124827761698682,7,True
F06,1.2198046701295036,1.110779441129887,7,False
B00,1.2158702909946442,1.2782445772549038,7,False
L30,1.2146379819938116,1.0756498507508667,7,False
N91,1.203632271715573,1.927331776069299,7,True
C67,1.198425531387329,1.9534675440915392,7,False
I20,1.1982564106583595,1.099600447168324,7,True
B99,1.1974132433533669,1.2907131346909448,7,False
E88,1.197089858353138,1.0976165750701492,7,False
E55,1.1949189507535525,1.1338082425474676,7,False
I44,1.1938079872301646,1.07275573762726,7,True
N39,1.1872792840003967,0.3338630729166969,7,True
D53,1.1841554364987783,1.427066735370595,7,True
F00,1.1826938369444437,1.9263956365896446,7,True
H36,1.179566244993891,1.1573964554235612,7,True
H10,1.1793024699602808,1.5176228617546412,7,False
F92,1.175380955849375,1.8853683715472314,7,False
F91,1.1750296577811241,1.8856913387075007,7,False
H35,1.1745136486632484,1.1747814058642978,7,True
M35,1.1743781843355723,1.0537273483340417,7,True
L97,1.169284816299166,1.3879868080456632,7,False
B02,1.1645964607596397,1.5832633271597845,7,False
M87,1.1624899485281535,1.394996615040504,7,False
F81,1.1601667425462174,1.857958721385077,7,False
I27,1.1595243545515197,1.070595729885168,7,False
C25,1.1561459260327476,1.374424880033059,7,False
G30,1.151690634233611,1.8812051568945438,7,False
I36,1.1437029338308744,1.3712800801839804,7,True
E61,1.136815364339522,1.0558659496236862,7,False
J02,1.1259354672261648,1.3899633405686682,7,False
M18,1.1242054456046648,1.366129864756541,7,True
L02,1.1236988412482398,1.0445143214168857,7,False
F93,1.1176907888480596,1.7858423358645623,7,False
C48,1.1153139546513557,1.3371747179838802,7,False
I51,1.1140575259923935,1.0384256054997298,7,False
I07,1.1033838167786598,1.3142599650479412,7,False
I11,1.0998611897230148,1.0193222195495153,7,True
I74,1.097224114196641,1.3146015484357914,7,False
N72,1.0968648450715202,1.7508164528305992,7,False
B17,1.0900479917015349,1.7415922462420965,7,False
H34,1.0890166184731893,1.324585997655703,7,True
I24,1.0885072648525238,1.2910923031654302,7,True
I77,1.0849706567823887,1.2935156995737858,7,False
D44,1.0847118784274374,1.3121256796513179,7,False
J04,1.0838515449847494,1.4117296517171423,7,False
F14,1.0828918207968985,1.7257555410660976,7,False
F90,1.079420030117035,1.71570685648848,7,False
C80,1.0728406310081482,1.3167988454367268,7,False
L40,1.071928365954331,1.0077039099046565,7,True
F98,1.0681900115949767,1.7232428390114132,7,False
M76,1.0600578423057283,1.2566390439585087,7,True
H65,1.0586486873882157,1.7877208448559305,7,False
J45,1.0570234230586462,0.056083963970208026,7,True
M32,1.0484161057642527,1.2329031055744257,7,True
I05,1.0476683505943842,1.258791120618985,7,False
D26,1.0420621995415007,1.6553030268949527,7,False
C57,1.0342678193535124,1.6425103932106666,7,False
N89,1.029619679919311,1.6389436001278257,7,True
D32,1.026499250105449,1.2333698331731031,7,False
H43,1.0171659971986498,1.3041426091283685,7,True
M80,0.9970724774258477,1.1824313207556625,7,True
M70,0.9961098805069923,1.1822303988459182,7,True
L20,0.9950863112296376,1.4641758632812905,7,False
B27,0.9817403624100345,1.7170435714851389,7,False
I71,0.9708009458013943,1.131243023606793,7,True
F83,0.9698453822306224,1.6910450477894154,7,False
I88,0.9577233472040722,1.703890424022806,7,False
H61,0.9536306357809475,1.7219981788479841,7,False
N26,0.9518351341996875,1.0977872638628137,7,False
J84,0.9517266069139753,1.1209586739056498,7,False
A49,0.934813603758812,1.1318050800723183,7,False
H47,0.9311707402978625,1.5467170522117404,7,True
I31,0.9248948820999691,1.084058799079661,7,False
I45,0.9138998080577169,1.0754558325803196,7,True
E01,0.9072749114462307,1.0469915120033824,7,True
M15,0.9021066672035626,1.074707973044203,7,True
K90,0.8919650635549,1.4036044680996427,7,False
F55,0.8913064279726574,1.4023378437171725,7,False
G63,0.8583999478391239,1.052983147166879,7,True
H44,0.8544774577021599,1.4650604738703725,7,True
L23,0.8513213342853955,1.0161189620800322,7,False
G58,0.8497294187545776,1.0010278656942295,7,True
H54,0.8476858639291355,1.346394036595225,7,True
E12,0.8418797233275005,1.015022193220847,7,True
L27,0.8344467617571354,0.9902437194975074,7,False
H18,0.8324654091681752,1.4477407272037544,7,True
H27,0.8323620642934527,1.4410534310894103,7,True
J11,0.8303488961287907,1.3532296680553721,7,False
G95,0.8266751553331103,1.307341865816958,7,False
C16,0.8240818700620106,1.3107082585485206,7,False
D47,0.8069196034755025,0.9403591762211633,7,False
D86,0.8019402708326068,0.9413644239698745,7,False
B34,0.8018457932131631,1.3346656321506347,7,False
G46,0.793050440294402,1.24786279999351,7,False
C22,0.7890425164784703,1.2543974672184155,7,False
D75,0.7886071971484593,0.9278606709426277,7,False
J41,0.784293355686324,0.930169606588871,7,True
F03,0.7803847321442196,1.227685822395406,7,False
G53,0.779315536575658,1.870112135560689,7,True
J42,0.7678464672395161,0.9192445434778505,7,True
H74,0.7570226639509201,1.8311162870190338,7,False
I66,0.7555505079882485,1.1822736644655825,7,True
F01,0.7547793760895729,1.163774218578091,7,False
H04,0.7498310921447617,1.3665584338093586,7,False
J39,0.7493765226432255,1.8108113954640699,7,False
H11,0.7443994187882969,1.3013220499663127,7,False
L89,0.7297276492629733,1.1357225264660056,7,False
K75,0.7273985637085778,0.864565126333991,7,True
H69,0.7267709267990929,1.7362613308069097,7,False
J81,0.7168113227401461,1.1078839390046622,7,False
G20,0.7118007588599408,1.0966194792942014,7,True
E07,0.695786045065948,0.8183536002868164,7,True
C91,0.6877134915973458,1.6479436807926415,7,False
M46,0.6870342759149415,1.0555451615159197,7,True
D72,0.6862993687391281,0.8036722754651833,7,False
G80,0.6852777414023876,1.6440672796731146,7,False
K10,0.6840801196438926,1.618251017608135,7,False
K12,0.681050314434937,1.6122573178724848,7,False
G21,0.6785999589732715,1.0401930017261471,7,True
K55,0.6765164509415627,1.0289787977499625,7,False
N08,0.6741239098565919,1.050707773949544,7,False
K08,0.6731147223285266,1.5944549545521942,7,False
H17,0.6729596267853465,1.5897151216578524,7,True
F80,0.6713846868702343,1.5943624307631337,7,False
D31,0.6664235464164189,1.575057177381554,7,False
F82,0.6657548291342599,1.578242211990591,7,False
F84,0.6645299909370286,1.5729913333379637,7,False
I79,0.6641127509730201,1.0146684648833961,7,False
M10,0.6613780526178222,1.0088080634607257,7,True
H21,0.660704323223659,1.56406614025264,7,True
I08,0.6481891710843358,0.9965105836702174,7,False
F89,0.6423079999429839,1.5169117932034804,7,False
F05,0.6415429839066097,0.9801666745749211,7,False
M85,0.6407118844134467,0.9771855076644,7,False
I62,0.6374217984931809,0.9871077026744048,7,False
H70,0.6355391602431025,1.4948457104000497,7,False
H16,0.6335886354957309,1.4855696013223108,7,False
J91,0.626990655703204,0.950125214390233,7,False
I97,0.6255022111747947,0.9724819399157424,7,False
M31,0.6245517294321742,0.9640388545557871,7,True
N11,0.6200701424053737,1.4545637979570014,7,False
J93,0.6139691237892423,0.9290289549465078,7,False
J46,0.6139142555849892,1.4342560969298586,7,True
D51,0.610430142709187,0.9228584589803507,7,True
I46,0.60423294454813,0.9137023389593372,7,True
G83,0.5961909230266299,0.9077306211434495,7,False
B97,0.5940549533282008,1.3916980911661987,7,False
J05,0.5901383587292263,1.3801363975473013,7,False
M86,0.5900529835905347,0.9230991434934825,7,False
H92,0.588176793817963,1.3791578116679823,7,False
I13,0.584393499153001,0.9088374579833158,7,True
L04,0.5819528470081943,1.357518827300467,7,False
J21,0.5799952181322234,1.354506466116605,7,False
H66,0.5773360729217529,1.3550706724393158,7,False
I99,0.5757224549140249,0.8910127122901544,7,False
J95,0.5757213862878936,0.883834907673341,7,False
H73,0.5751355466033731,1.3362628166069621,7,False
J12,0.5747094973921775,1.3412133778317326,7,False
H49,0.5746493924941335,0.8831389032860868,7,True
J00,0.5734860221190112,1.3321363263446346,7,False
D30,0.5706383660435677,0.8937393769963443,7,False
B08,0.5673689107809748,1.3178647405037307,7,False
J69,0.5634211014424052,0.8479060254981665,7,False
L22,0.5614022793514387,1.3158301782381387,7,False
J10,0.552363677748612,1.2748823713103392,7,False
A02,0.5470590591430664,1.2604698513451722,7,False
D61,0.5381367227860859,0.8186482371359245,7,True
G50,0.5126554795673915,0.7768719838358835,7,True
F02,0.5111704458083425,1.171671811840492,7,False
D46,0.4869066636477198,1.1018870801242657,7,False
I06,0.4674056970647403,1.0560290015802207,7,False
I12,0.45654612140996115,1.0212234340346895,7,True
E53,0.41407957247325344,0.9033619155421093,7,False
N32,0.40860774261610844,0.8874606448160519,7,False
F22,0.3996201530098915,0.8641337510156926,7,False
G31,0.3912935097302709,0.849267866414654,7,False
G70,0.38095011668545853,0.8241849116382478,7,False
L82,0.3532728989209447,0.7393042343463581,7,False
K46,0.3482296179447855,0.7301117562672412,7,False
D52,0.3404775421534265,0.7161054979038745,7,True
E72,0.33883516809770037,0.7022601200781774,7,False
G60,0.3307570357407842,0.6781337328136461,7,True
L29,0.3215198591351509,0.6645946943984239,7,False
J94,0.3155977981431143,0.6431060839683249,7,False
L85,0.31415777440582004,0.6467714304229323,7,False
E46,0.3056377640792301,0.6194224954845726,7,False
L28,0.29582980168717243,0.5957262811226801,7,False
N02,0.07712200603314803,0.003764566598435977,7,False
G94,0.07611162215471264,0.0035368772721451314,7,False
L53,0.07530580248151504,0.005574316394784975,7,False
B47,0.07526640168258117,0.003538447980065529,7,False
J99,0.0750112448419843,0.004067875072541346,7,False
F09,0.07498621195554729,0.0035208869011252226,7,False
L58,0.07485294022730414,0.0023968884749193406,7,False
F04,0.07476253062486644,0.0038146355619616324,7,False
L43,0.07475913103137692,0.0021111244461191293,7,False
E54,0.07475100351231435,0.0034483421520979845,7,False
I78,0.07473570534161153,0.0053403424069197675,7,False
B44,0.07467244778360636,0.0037882693252556774,7,False
B38,0.07464853461299621,0.0036634398413845208,7,False
A83,0.07462199990238456,0.002921036926340861,7,False
M88,0.0743808576038905,0.005297634573808158,7,False
C93,0.07427105094705302,0.00503769097856753,7,False
G00,0.07426863483020234,0.002422765823003283,7,False
G10,0.07415838326726638,0.0034805354035413326,7,False
F95,0.07415270379611419,0.00323438821984936,7,False
A21,0.07400874048471448,0.0030437433717586627,7,False
M90,0.07398509553500579,0.0040462361058357125,7,False
G11,0.07396743553025376,0.003762262229129547,7,False
L51,0.07395782534565239,0.0028821651106578044,7,False
B72,0.07394080715520035,0.0018328189889666505,7,False
G05,0.07391564973763051,0.004433872387070142,7,False
F64,0.07390209606715607,0.003323699644367037,7,False
N21,0.07389720422880984,0.003202351822135745,7,False
E56,0.07386027276515957,0.0034749158681146187,7,False
I23,0.07385256886482235,0.0027643150187507486,7,True
N06,0.07383670764310016,0.0035151431520330807,7,False
F65,0.07383613607713149,0.002995979607977114,7,False
B64,0.07381370344332282,0.0031219317695678293,7,False
C32,0.07377570122480388,0.004378048642468507,7,False
C02,0.07373675491128646,0.005001653256414424,7,False
B67,0.07372347265481945,0.00393921415347346,7,False
D04,0.07372291811874929,0.0034540119313996144,7,False
F71,0.07368951610156464,0.005000465082437518,7,False
G92,0.07364725321531292,0.0043716191202477815,7,False
B92,0.07359970360994336,0.0037482412455144345,7,False
B69,0.07359688941921504,0.005550783133438252,7,False
G99,0.07357615977525708,0.00394389268885184,7,False
N33,0.07357035257986608,0.003424795657580729,7,False
L63,0.07353513262101577,0.0024567048062622433,7,False
D59,0.07352008138384132,0.0027768823575659205,7,True
B23,0.0735197163053921,0.005381690430299127,7,False
E30,0.07351907768419808,0.002274675797331246,7,False
J09,0.07349167551313127,0.0048934343889070996,7,False
H15,0.07347439761672699,0.00312983637293974,7,False
A51,0.07346308657101218,0.0028784430489709545,7,False
L67,0.07345890679529732,0.0016135015827856436,7,False
L44,0.07342127710580823,0.006539644893306214,7,False
G09,0.07336523277418948,0.0027100888569055507,7,False
H19,0.0733573926346642,0.0035744231882892216,7,True
N29,0.07333830850464952,0.005981633118608866,7,False
D58,0.07333619892597194,0.0033555184122567284,7,True
I43,0.07331336396081102,0.0054761496760861,7,False
J80,0.07329641601869033,0.004761252091142584,7,False
B98,0.07329554536512915,0.003139325880612557,7,False
M63,0.07328701977218896,0.003126639342670939,7,True
B48,0.07324108907154624,0.003197645665162221,7,False
C31,0.07319029846361699,0.005258378619307287,7,False
A64,0.07316964864730831,0.0025285927131773575,7,False
B36,0.07312796158449986,0.0026080679070929224,7,False
C69,0.07310994075877321,0.003071965249116544,7,False
F99,0.0731029148612703,0.005041756961471498,7,False
L92,0.07308593392372124,0.0034181702245369536,7,False
A80,0.07308241086346758,0.003606271635244777,7,False
B55,0.07306450818266183,0.004667454807006317,7,False
N50,0.07304322080952776,0.0033706923050693493,7,False
D81,0.0730342077357428,0.004938183750930094,7,False
A84,0.07303187144654133,0.0028916457656040654,7,False
L26,0.07302377053669516,0.005301137653453472,7,False
M91,0.0730054378509521,0.004872042694298705,7,False
A22,0.07300361565181182,0.0029156350499113482,7,False
B43,0.0729802793690136,0.0034492943193403006,7,False
F29,0.07297521723168232,0.0031671306692070754,7,False
A00,0.07296239265373769,0.0019172229321252718,7,False
B60,0.07295915910175862,0.004169751814016745,7,False
A17,0.0729478374123573,0.002650258700753312,7,False
M49,0.07292500670467097,0.005253804364996429,7,True
D03,0.07289335876703258,0.0037792240891102655,7,False
C51,0.07288354422364914,0.002593666218698345,7,False
A68,0.07288122389997752,0.0035251609209379776,7,False
F38,0.07287229491131643,0.004510290747168491,7,False
A56,0.07285939795630314,0.0038533652624921986,7,False
H48,0.0728566529495375,0.0030482011292426335,7,True
N51,0.07283844639148028,0.006652672948971194,7,False
J85,0.07281558641365593,0.0031992690212637475,7,False
B50,0.07281485732112607,0.004667351652964155,7,False
C13,0.07280076614447996,0.003026559359848966,7,False
D57,0.07279118682656967,0.004262799257662446,7,True
J47,0.07278507096426824,0.004031759182781339,7,True
I37,0.07277122352804453,0.002788843351851789,7,True
C14,0.07275414041110442,0.0033789460503427815,7,False
H03,0.07271401051964074,0.0029398780630109254,7,False
E00,0.07271058218819751,0.002302297061685144,7,False
B01,0.07270524863685876,0.0029927459957525154,7,False
A24,0.07269963515656332,0.002600531865357863,7,False
C75,0.07269897631236479,0.006987464845016823,7,False
I40,0.07269724990640367,0.004400434143222051,7,False
C76,0.07269681245088573,0.00458475826706077,7,False
A18,0.07267458417585915,0.0021552640739271535,7,False
A99,0.07267275346176962,0.0037530932878927893,7,False
A15,0.07266577758959357,0.002343852843078232,7,False
G23,0.0726587144391877,0.004227255802499133,7,False
M92,0.0726467690297535,0.003905228261992966,7,False
I81,0.07264106614249088,0.005456444918102776,7,False
L88,0.07263270659106115,0.0021645675443358837,7,False
L80,0.0726291803377015,0.004173464601555561,7,False
A74,0.07262366371495377,0.0031924978640146973,7,False
B24,0.07260216133935107,0.004400365834817895,7,False
B79,0.07259274380547653,0.004478285129490647,7,False
H62,0.07259065444980344,0.0034582913991711207,7,False
G03,0.07256530970335003,0.0042368187190581965,7,False
E29,0.07255266181060241,0.0020129349303080316,7,False
K45,0.0725477188825607,0.004587214980193832,7,False
B49,0.07253380971295488,0.0037584795970028993,7,False
K28,0.07253030261823108,0.00298692826614358,7,True
D60,0.07250765604632237,0.0032874717920991156,7,True
C26,0.07250637561082837,0.003729311832394975,7,False
F24,0.07249008225543155,0.0035496423948418194,7,False
C81,0.0724797483001436,0.003569786893329476,7,False
A44,0.07247874460050033,0.003273074216631283,7,False
A31,0.0724620702011244,0.004289217121860148,7,False
A87,0.07246113355670651,0.0036547805141600516,7,False
F66,0.07245430563177377,0.005074668397974128,7,False
B75,0.07243729116661202,0.006611312735372491,7,False
B06,0.07243478936808444,0.0030129765166039303,7,False
L01,0.07242051618439806,0.0021427423345654352,7,False
K27,0.07239642952169686,0.00458448763560428,7,True
L59,0.07238829668079098,0.004537823285497706,7,False
E35,0.07238759845495221,0.0033217395578820142,7,False
B20,0.07238586246967313,0.004230414275425871,7,False
N00,0.07236797894750317,0.006519717289732428,7,False
F88,0.07235135244471681,0.003243050280252402,7,False
A38,0.07234027236700055,0.003740283149453252,7,False
B59,0.07233732193708413,0.005717713283341371,7,False
A89,0.07233539542981553,0.005703039907673203,7,False
C33,0.07233163820845735,0.0036985892305393554,7,False
C68,0.07232489969049176,0.005735281569861729,7,False
B22,0.07231942138501571,0.0012554621092575725,7,False
L75,0.07231760450771874,0.00374913706763171,7,False
C30,0.07230532701526367,0.0022130329652877132,7,False
L41,0.07230487465858453,0.004508772502452068,7,False
I98,0.07229945063590999,0.004073331158456778,7,False
N74,0.07229927395071299,0.003815465099957982,7,False
A77,0.07229237684181754,0.0033589343415312066,7,False
C08,0.07226807836975366,0.004266831005509368,7,False
J67,0.07226030847855971,0.0034635935559492346,7,False
G96,0.07225389139992847,0.005460183932883957,7,False
A36,0.07224582135677333,0.005146529197183581,7,False
N41,0.07223847614867343,0.0021749276963985917,7,False
M33,0.07223388126918243,0.0053128255152305815,7,True
A07,0.07223141086953022,0.0030509924383236467,7,False
A34,0.0722241593258721,0.0029912500043577975,7,False
F39,0.07222234830260274,0.005638176896167525,7,False
C84,0.07221895030566619,0.004010165342297595,7,False
D80,0.07221240018095286,0.0048092511744332305,7,False
G98,0.0722101639424051,0.003427124630546099,7,False
M08,0.07220929648194989,0.003405750946930454,7,True
C63,0.07219505629369186,0.004483760217342763,7,False
L42,0.0721927817378725,0.002185302955103344,7,False
H72,0.07219111812966206,0.0045648620095556066,7,False
C95,0.07217609350170404,0.004129615737327787,7,False
A20,0.07217324205807271,0.002834892237974671,7,False
H58,0.07216741783278323,0.0027903115679466404,7,False
I68,0.07216210450444897,0.006735853085565562,7,True
L71,0.0721611380577087,0.003908292268584373,7,False
K23,0.07215367257595058,0.004479042605784615,7,True
E20,0.07215240065540583,0.004722699475289038,7,False
D01,0.0721486157604626,0.0036994101272571707,7,False
M73,0.07212019179548533,0.002673365078088267,7,True
C06,0.07211579488856447,0.0037460471023713486,7,False
B45,0.0721156267183167,0.004232329966036608,7,False
A32,0.07211552986076895,0.0021537257066036077,7,False
A03,0.07211423133100778,0.002320667480668114,7,False
A35,0.07211294131619586,0.005517942565829807,7,False
C03,0.07211112124579289,0.003454411345819059,7,False
L62,0.07210272124835417,0.002785154979358011,7,False
L86,0.07209955049412586,0.0027176514041512205,7,False
M09,0.07208739966154092,0.004467633887249356,7,True
J16,0.07208496438605441,0.0025349522094652906,7,False
L08,0.07208173828465593,0.0060204004701379845,7,False
C52,0.07207901030778882,0.00424637618592474,7,False
E59,0.07207728603056493,0.0017763679987580817,7,False
B46,0.07207609925951274,0.0039820540276024,7,False
C45,0.07207468364919929,0.0038467912925136526,7,False
B77,0.07206738314458301,0.003313618371946674,7,False
D66,0.07205520357404434,0.0038614755367139477,7,False
D02,0.0720184008990015,0.003360266905020854,7,False
E77,0.07201035320758817,0.006372022295000175,7,False
B94,0.07200575939246581,0.004013823985476995,7,False
F79,0.07200140931776589,0.003429998962945389,7,False
C10,0.07199783836092263,0.002758036463520886,7,False
L74,0.07199251864637642,0.0022026122062413995,7,False
H51,0.07198104155915118,0.005212474967389489,7,True
A88,0.07197417638131547,0.003519055898937027,7,False
I01,0.07197389432362145,0.004306291123798479,7,False
H42,0.07197026801960804,0.0017803985402789272,7,True
H71,0.07195914110967086,0.0040481968834360565,7,False
G32,0.07195573193686344,0.003785787969466356,7,False
A05,0.07194837608507695,0.0031742592811003683,7,False
M02,0.07192959210702347,0.0038997097449581337,7,False
J37,0.0719292323504175,0.0033004624149764886,7,False
N40,0.07190879221473416,0.004226496361806554,7,True
B87,0.07189977488347457,0.006591870020184668,7,False
L56,0.07189861685037609,0.00237330212135559,7,False
L11,0.07189727574586866,0.005678684191707434,7,False
C97,0.0718858699713434,0.0023802548769953523,7,False
M14,0.0718857869505882,0.0039964806237358635,7,True
M01,0.07187771264995843,0.004362537947429049,7,False
A75,0.07186363531010485,0.005392365080306036,7,False
A23,0.07185261803013933,0.00274841587394598,7,False
D00,0.07183395964758733,0.003137382282321671,7,False
H28,0.07180838074002945,0.004007010434573754,7,True
J62,0.07178785119737893,0.0038116643479553327,7,False
E42,0.07176550903490607,0.0023640379185826113,7,False
I39,0.07175435977322711,0.004849623766249183,7,False
G01,0.07174836844205854,0.004876308190423602,7,False
E51,0.07174795546701973,0.004407457607703734,7,False
L25,0.07173942668097356,0.005251259991009008,7,False
E80,0.0717281539525304,0.004429053134319398,7,False
N96,0.07172694589410507,0.0031036166170945517,7,False
E31,0.07171602972916188,0.00414955021413294,7,False
C86,0.07171371046985896,0.0033223178492479606,7,False
D07,0.07170805122171127,0.003894755135004051,7,False
B76,0.07170371072632922,0.004696470667625798,7,False
A55,0.07167461141943925,0.005309658272434973,7,False
A06,0.07167274185589378,0.0044633239286528585,7,False
C58,0.07164335889475681,0.004763662261849249,7,False
N34,0.07163268114839279,0.0026879878485458466,7,False
G12,0.07162250259092873,0.005889387561651996,7,False
F28,0.0716179204838616,0.003253367669576361,7,False
G08,0.0716147742101124,0.002947896964888927,7,False
I52,0.0716128865522997,0.0058400979481813865,7,False
E60,0.07161215692758557,0.003976992738570096,7,False
H45,0.07160162499972748,0.004741225658264904,7,True
E68,0.07159642981631412,0.0030816923963690466,7,False
C60,0.0715959231768335,0.0041469237044360775,7,False
H13,0.07159346129213055,0.005012062598243282,7,False
H31,0.07158421192850382,0.003326848473309393,7,True
F69,0.07158045098185538,0.005870502156576355,7,False
C46,0.07156149510826379,0.0049099335618759295,7,False
A93,0.07155491730996535,0.0031587947645640227,7,False
J68,0.07154428000961024,0.0048083251425979755,7,False
J17,0.07152800155537464,0.004652026946047434,7,False
C39,0.07152318848030903,0.0027604036926410246,7,False
K00,0.07150401175022122,0.003007660803315591,7,False
L45,0.07149441327367503,0.0029856787570597602,7,False
G37,0.07149371717657357,0.0024372696861933987,7,False
G04,0.0714849797742707,0.00505791741189249,7,False
G52,0.07147896502699166,0.0031853651013071436,7,True
M60,0.07147032873971117,0.006454983262799766,7,True
C07,0.07146805631262912,0.003922732225388544,7,False
F30,0.07146765291690822,0.0038007439078295803,7,False
E64,0.07142471841403412,0.004508351804524345,7,False
A67,0.0714083047849791,0.006596502627873764,7,False
B70,0.07139661163091653,0.003069953380052054,7,False
C70,0.0713942285094942,0.004567767175925369,7,False
E22,0.07139128978763304,0.0036041002119318604,7,False
E23,0.07137635456664218,0.003921581859444897,7,False
G72,0.0713659280112811,0.005266741356959637,7,False
N01,0.07135508528777527,0.004144665251157909,7,False
H68,0.07134958037308278,0.0031645931123238003,7,False
F73,0.07132900719131739,0.005688066238686948,7,False
F59,0.0713268241712025,0.0028619017598772592,7,False
I38,0.07132183334657119,0.0040800931376669914,7,False
A42,0.07132061251572197,0.00364296688784922,7,False
L94,0.0713144381131444,0.0019377204097586788,7,False
B52,0.07131267551864892,0.004607634420328199,7,False
E67,0.07131178677082058,0.0021170416656662427,7,False
E25,0.07130941056779447,0.004380633307155366,7,False
G24,0.07130185088941025,0.004766243029734021,7,False
D11,0.07130094724042071,0.004629498489032429,7,False
L12,0.07129445991345809,0.004765536068580088,7,False
A81,0.07129395540271481,0.004134336743809207,7,False
D40,0.07129010238817755,0.0026123893989973297,7,False
L95,0.07128978733505516,0.004449317174676451,7,False
N14,0.07128261349030901,0.001522950909430327,7,False
A97,0.07128032084022246,0.0031539627045088807,7,False
A90,0.0712778397968837,0.005364138184079775,7,False
E45,0.07127440188612252,0.002801001917388544,7,False
E34,0.07127317147595538,0.0017485182598927856,7,False
N42,0.07126622008425844,0.004324599290113025,7,False
J61,0.07126242135252267,0.004503302327507749,7,False
E75,0.07125516235828395,0.0036370948567379154,7,False
L64,0.07125444284507204,0.004251113866323826,7,False
D83,0.07123285851308273,0.0037214608460597967,7,False
L10,0.07122181143079481,0.0037030141608101514,7,False
I02,0.07118425837584899,0.004717103764494311,7,False
K30,0.07118417748383109,0.0026215670770973814,7,False
N49,0.07118029147386548,0.0029599309215204515,7,False
M84,0.07117654276745657,0.003605265196972167,7,False
N43,0.07117488660982674,0.0011040777242868444,7,False
N03,0.07117453430380136,0.004924760915011776,7,False
B26,0.07117414261613567,0.005754717109363024,7,False
L91,0.07117148382323124,0.001840390871828449,7,False
F78,0.07116877713373725,0.003244729657621951,7,False
B56,0.07116844505071637,0.0031460265806660475,7,False
N63,0.07116242923906868,0.0029213076928840138,7,False
E50,0.07115776091814037,0.004632992090662098,7,False
F54,0.07114874252251212,0.0038087518934618657,7,False
B40,0.07113919939313613,0.0025520312458032013,7,False
A66,0.07113872574908388,0.002343408642963712,7,False
A57,0.07112335413694378,0.0035769087911276523,7,False
B07,0.07111314577715733,0.004367110650532339,7,False
B03,0.07109440437385012,0.0016845851038996466,7,False
K73,0.07108084963900697,0.0038197937125922414,7,True
C61,0.07107924563544134,0.004191091990497508,7,False
N16,0.07106914796999518,0.004308317464544242,7,False
G90,0.07106491710458478,0.0040821139114523754,7,False
B51,0.07106027965034754,0.0051033982929119225,7,False
L87,0.07103541812726423,0.0012524909800195562,7,False
M12,0.07102856891495837,0.005534126236560959,7,True
E02,0.0710266040904181,0.0025870636746132946,7,True
F53,0.07101815193891522,0.004592809768572005,7,False
A28,0.0710132451994078,0.004437435218628794,7,False
A71,0.07100446841546461,0.002843690597487744,7,False
A30,0.07098771738154544,0.004577149610563758,7,False
I22,0.07098689568894247,0.003091656834531927,7,True
L60,0.07097980912242613,0.004502760407145181,7,False
C62,0.07097289924110681,0.003013688672295287,7,False
A40,0.07095104136637273,0.004461898251051236,7,False
M83,0.0709326490759849,0.00227844256539561,7,False
N15,0.07093204025711326,0.0020267913636789993,7,False
L14,0.07092918881348195,0.004968838795935603,7,False
E24,0.07092589246375215,0.004710114430304438,7,False
A54,0.07088278021131238,0.0026486608507836854,7,False
G73,0.07088043860026762,0.0010640971016059185,7,False
E70,0.07087135102067672,0.0022875263957290175,7,False
G64,0.0708607680031231,0.0037047211660217448,7,True
A25,0.0708592140248843,0.0030471937575070477,7,False
B16,0.07085761853626793,0.003823894843064904,7,False
I86,0.07085556430476048,0.0008060742461555824,7,True
L83,0.07085316734654558,0.005146920067237095,7,False
C04,0.07085192522832322,0.0020524451456599914,7,False
I30,0.07084451509373524,0.002496237201489458,7,False
H20,0.07084181904792781,0.003957326443633434,7,True
H05,0.07084181798355914,0.003689902615629108,7,False
D82,0.07083402574062343,0.005946838642851033,7,False
C40,0.0708279205220086,0.002823878670844186,7,False
D73,0.07082693704536978,0.0053405328712749145,7,False
M00,0.07082283816167281,0.004272174301785733,7,False
I28,0.07080707379749838,0.004657120613063414,7,False
F72,0.07080513345343721,0.0032723339280421124,7,False
D29,0.07079369574785228,0.0041387035931413985,7,False
D10,0.07078494770186282,0.004424698814561914,7,False
K72,0.07077575794288085,0.004185593446951315,7,True
D67,0.07076950371265406,0.003095480999978208,7,False
A82,0.07076898749385557,0.004102789977469227,7,False
H59,0.07076821050473617,0.005065417708149236,7,False
C88,0.07076819560357497,0.004713715375673816,7,False
A58,0.07076242459671832,0.002885823486422726,7,False
B90,0.07075543063027515,0.0025242382813495624,7,False
A65,0.0707473584583827,0.002685934949157128,7,False
K67,0.07074592262506482,0.003446764541553387,7,False
E52,0.070728382893971,0.003884756351439375,7,False
F51,0.07071863434144422,0.004637671754888745,7,True
B91,0.07071540504693982,0.003974361820739873,7,False
A39,0.0707102524382727,0.006769474850541368,7,False
M45,0.07070366399628772,0.004114361213334633,7,True
B41,0.07069643374000274,0.003989550609818859,7,False
J70,0.07069340773991172,0.0036411501870243545,7,False
F52,0.07069196552038187,0.002515956609898135,7,True
C05,0.07069037641797742,0.0039346949681163335,7,False
D84,0.07068741002253119,0.004929103533537594,7,False
M07,0.07067768062864026,0.0030300574913450715,7,True
D74,0.07065998124224795,0.003633218148315561,7,False
E43,0.07065911378179271,0.004469976828342308,7,False
F18,0.07065343856811519,0.0028944436338381777,7,False
K64,0.0706477042819772,0.004510112161399432,7,False
K41,0.0706427714654377,0.001990741332455103,7,False
C24,0.07064048945903773,0.0014806270257136406,7,False
J66,0.070633766906602,0.00458795852834049,7,False
D20,0.07062353087323049,0.0033223737452190085,7,False
D56,0.07062185023512155,0.004775795380539734,7,True
B83,0.07061758956738876,0.0030501956465494896,7,False
A95,0.07059584877320695,0.003266749470024843,7,False
G71,0.07059573967541961,0.004938302067408124,7,False
E27,0.07059078557150701,0.00580475104641549,7,False
B78,0.07058634076799661,0.0028333797079927786,7,False
A96,0.07057277964694154,0.004817123670816027,7,False
B65,0.0705723358052117,0.0035674528194563114,7,False
A01,0.07056900326694758,0.001681471051082012,7,False
K93,0.07056098537785661,0.004822641256769548,7,False
A37,0.07054728695324484,0.005245924398055671,7,False
K38,0.07054214924573894,0.004011955082934613,7,False
N36,0.07053788112742557,0.0030386965733918496,7,False
D71,0.07053025811910621,0.0032314021816480373,7,False
B71,0.0705292570803846,0.004766950474946233,7,False
B42,0.07051412654774523,0.0038662309208036976,7,False
A53,0.07051365396806168,0.00504541412582451,7,False
J13,0.07051235437393186,0.002500169403444254,7,False
K05,0.07050159679991853,0.003495065118025445,7,False
C00,0.07049142782177241,0.004287833395524166,7,True
F68,0.07049111170428135,0.004849069849178102,7,False
B09,0.07048328965902323,0.0042647774823304785,7,False
K91,0.07046226944242202,0.0027660768052384876,7,False
B53,0.07045390935880794,0.0051970168049889146,7,False
A33,0.07045249108757287,0.0034864488846985385,7,False
C96,0.07043535049472534,0.002408697709927219,7,False
K11,0.07042787436928065,0.003097270801550638,7,False
L70,0.07042729641710004,0.0035368640002798315,7,False
N46,0.07040040407861978,0.0036812262691355182,7,False
H60,0.07039533555507654,0.0049497365177157806,7,False
D42,0.07039094184126168,0.003586447025587334,7,False
K87,0.0703886406762259,0.0034009646169473216,7,False
N37,0.07038803505046023,0.0037431493439552274,7,False
B85,0.07037557767970218,0.0024797538487143196,7,False
C49,0.07037381614957533,0.0017806795736577579,7,False
N05,0.07037048893315447,0.002710915931890393,7,False
C12,0.07033992984465186,0.004020781895743226,7,False
I41,0.07033588311501907,0.0029041917888017626,7,False
G61,0.07033345954758775,0.001678823026846778,7,True
D16,0.07033003440925048,0.002481143612073258,7,False
L84,0.07032995564596989,0.003268817531380387,7,False
G26,0.07032872523580275,0.0037848368633299203,7,False
A86,0.07032781147531099,0.0041890078412166075,7,False
J82,0.07032660607780723,0.00477836772275179,7,False
E40,0.07030286639928814,0.004950372764938548,7,False
N27,0.07030036832605085,0.0046074018665497865,7,False
G06,0.0702987345201628,0.0031990304200696608,7,False
E32,0.0702911604728017,0.0020062371672984825,7,False
B74,0.07028959797961366,0.0017129521477947218,7,False
E15,0.07028838885681964,0.004886299313917577,7,False
C38,0.07028711374316891,0.002688442929853064,7,False
K13,0.0702842303684779,0.0015692388609693543,7,False
G36,0.07025607675313945,0.004288773059470793,7,False
E71,0.07023221201130317,0.004591794401536941,7,False
M68,0.07022610413176668,0.004142830736276706,7,True
H00,0.0702241595302309,0.0032547434303471304,7,False
A59,0.0702205428055354,0.0044297739547454595,7,False
H22,0.07021034934691017,0.004966576356952061,7,True
C65,0.07020598649978634,0.0025874113812163107,7,False
M89,0.07020554478679382,0.0024512515810533706,7,False
A98,0.07020162045955654,0.004013764420534705,7,False
B81,0.07019662750618792,0.001770131656401638,7,False
B82,0.0701645793659346,0.002551926229696385,7,False
B25,0.07015090861490789,0.003745057433006216,7,False
D15,0.07015027425118849,0.0022930275170604114,7,False
B30,0.07013564450400213,0.002068333184664324,7,False
G22,0.07012858667543952,0.0038899883005978704,7,True
D65,0.07011901267937248,0.005406710629398932,7,False
A92,0.07011755130120681,0.0036374088279194964,7,False
I00,0.07011600903102325,0.005237332752967387,7,False
F62,0.0701106882521084,0.0010670744730650278,7,False
A50,0.07009072708232057,0.004658854509901693,7,False
C37,0.07005779338734486,0.004101772932886212,7,False
A94,0.07005524528878071,0.0042458835349870605,7,False
H57,0.07005412131547924,0.002682852853319258,7,False
L13,0.07005302288702553,0.004090124249241566,7,False
K14,0.07005100590842109,0.002411580435881207,7,False
C09,0.07004322111606591,0.003736807428734281,7,False
N45,0.07004314235278532,0.004830164264562874,7,False
J86,0.07004258568797789,0.006078803914194733,7,False
A52,0.07003557682037351,0.0044276863571678935,7,False
L00,0.0700132697820663,0.003529592421228912,7,False
C72,0.0699937428746904,0.004470380897613458,7,False
I33,0.06997696310281751,0.0024592701539555874,7,False
J60,0.06996199169329231,0.003222017025331717,7,False
C90,0.06995405682495659,0.004056440363689285,7,False
C74,0.06994862002985815,0.0036872259676345087,7,False
K03,0.06994781217404769,0.0030045237551217688,7,False
L72,0.06994072667190003,0.003956315681345071,7,False
H06,0.0699309408664703,0.002385741990632001,7,False
I09,0.06989999221903934,0.0029493747905124093,7,False
L81,0.06988603408847534,0.0024384342695920372,7,False
C94,0.06988241949251717,0.0024685619097452234,7,False
M11,0.06987485715321128,0.004147676956150605,7,True
H94,0.06986065634659354,0.003900925506245359,7,False
L99,0.06985803587096075,0.00192005482238861,7,False
E41,0.06985349953174588,0.0036495942647946336,7,False
N04,0.0698488695280892,0.002600846322049221,7,False
N75,0.06982832721301484,0.0045396243456595365,7,False
C01,0.06982597921575814,0.002982482384445166,7,False
L54,0.06981761647122241,0.0019620299324323454,7,False
A19,0.06980606700692854,0.0036602770147214775,7,False
N44,0.06979912945202417,0.003012671693573094,7,False
H01,0.06978950862373623,0.0032555423043852567,7,True
H67,0.06977524182626174,0.0034529579222838413,7,False
J63,0.06976971881730212,0.004770701756567709,7,False
A79,0.0697584950498172,0.0037467866102820985,7,False
D19,0.06972052156925199,0.004330460463113078,7,False
G02,0.06970320269465442,0.004936623121120383,7,False
B68,0.06970314575093128,0.0023847377116442154,7,False
G97,0.06968711955206733,0.0040819545968067816,7,False
H32,0.06968612543174195,0.004336968159860611,7,True
L65,0.06967379365648539,0.0038628352630408424,7,False
G59,0.0696692551885332,0.003971680744741016,7,True
C66,0.06965817936829152,0.004711269704386776,7,False
A85,0.06963831718478879,0.002623368361705939,7,False
E90,0.06963510492018285,0.003893027960618976,7,False
N22,0.06962341921670091,0.003406163582151131,7,False
C41,0.06961032641785483,0.004251178581920269,7,False
L68,0.06958056986331936,0.0042845913839958,7,False
N82,0.0695358887314796,0.0017487952791076927,7,True
E76,0.06951235766921719,0.004387933974389966,7,False
B86,0.06948262133768622,0.0025629578085699383,7,False
F15,0.0694683736988476,0.001644278131511705,7,False
D14,0.0694595202803611,0.004223828233320514,7,False
B80,0.06944791919418739,0.005359339921641861,7,False
C47,0.06944334506988521,0.0033254604731181455,7,False
L55,0.06941407280308856,0.002622838372580442,7,False
L05,0.06940042014632901,0.004558136373614757,7,False
E58,0.06939087701695301,0.004222100331173666,7,False
F16,0.06938768870064187,0.006080321740461035,7,False
B89,0.06938680580684115,0.002467114499275498,7,False
C17,0.06938061756747106,0.003570758164485608,7,False
D33,0.06936290327991754,0.003138059710751501,7,False
B33,0.06936263665556903,0.003997979180560685,7,False
B58,0.06929283056940347,0.002612373277698783,7,False
H30,0.06926441724811279,0.002972294513745346,7,True
D45,0.06924191649471008,0.004283628203700303,7,False
A16,0.06923113390803332,0.005091699652348135,7,False
A48,0.06919979410512105,0.003252784462747973,7,False
J14,0.06918515264987941,0.004326782116642833,7,False
K09,0.06918390840291973,0.002548585647717976,7,False
G13,0.06917971904788693,0.004373337408061199,7,False
A70,0.06917679682373996,0.005977366372373681,7,False
A60,0.06917460582086014,0.004087841175470202,7,False
E84,0.06914443522691724,0.0030743079177603786,7,False
E26,0.06913738591330387,0.0017513872231801069,7,False
H82,0.06911548227071761,0.0031492744460242432,7,False
H95,0.06911386017288478,0.004868948304840331,7,False
D09,0.06911374734980714,0.002712206259121086,7,False
D89,0.06910817644425796,0.0037453688044844172,7,False
I32,0.06910589550222665,0.00197338284571542,7,False
B39,0.06908268481492989,0.003586396259209947,7,False
D77,0.0690227459583963,0.003234862608937234,7,False
B19,0.0689902305603027,0.0038182543392291488,7,False
B66,0.06898378953337662,0.004763214667383013,7,False
B04,0.06897772422858643,0.004921645836797971,7,False
F21,0.06896630993911194,0.004930757287802762,7,False
B73,0.06895961559244561,0.006106567616731456,7,False
B05,0.06894441268273757,0.004354319824183747,7,False
N07,0.06892705282994675,0.0037972312430563982,7,False
N25,0.06891464175922525,0.0051057291645272606,7,False
N61,0.06891190792833052,0.005206042523142704,7,False
F94,0.06889451614447999,0.004051720048966123,7,False
C11,0.06888283044099804,0.0029201765716356685,7,False
A91,0.06886631622910494,0.005219890132592861,7,False
M30,0.06886022750820427,0.0030738516502014277,7,True
H75,0.06881836376019883,0.005913558247287657,7,False
L73,0.0687948284404618,0.0051943092832755,7,False
A27,0.06876279839447562,0.004257991202607316,7,False
C15,0.0686881052596228,0.0032220535184517623,7,False
N90,0.06866063603333059,0.004629773749793285,7,True
A43,0.0686517740998949,0.0028612333179876665,7,False
K06,0.06864774386797627,0.0048193551579001305,7,False
E85,0.06863021211964739,0.0034084329521740188,7,False
C92,0.0686003427420343,0.0034103605336821144,7,False
B57,0.0685870902878897,0.002243386113392013,7,False
D36,0.06858688486473898,0.004341792807158668,7,False
M03,0.06857515126466746,0.00480224906766556,7,False
L21,0.06856280884572434,0.0032419118725398547,7,False
D55,0.06856267154216762,0.003412648568239704,7,True
F63,0.06856065882103779,0.004274278346409841,7,False
D28,0.06854821315833495,0.0033819800369863933,7,False
B95,0.06853178356375009,0.00229404733829038,7,False
A78,0.06852741326604565,0.0029545032379371112,7,False
H55,0.06851481539862493,0.003060124576633701,7,False
L93,0.06845965023551662,0.0026792737502035415,7,False
M36,0.06844917046172273,0.004068489670193,7,True
L52,0.06843417563608709,0.0037847178455957275,7,False
N48,0.06837122248751772,0.002777885959713433,7,True
J64,0.06835351032870153,0.006100996743192258,7,False
G07,0.06833811423608231,0.0031015571365712604,7,False
D76,0.06826549449137274,0.0022575659075046786,7,False
M61,0.06807794634784967,0.004246733484202446,7,True
C23,0.06806412871394832,0.003366406095261441,7,False
N47,0.0680318687643323,0.004597461256069118,7,False
L66,0.06790926892842561,0.003608541586968568,7,False
B15,0.06790290985788615,0.004390685432929237,7,False
B54,0.0678734273782798,0.0067866411484609,7,False
K77,0.06773968253816871,0.0052661117738128805,7,False
L24,0.06766799730913976,0.004292361789607217,7,False
M82,0.0676653683185577,0.003004224611625079,7,True
E63,0.0676184259355068,0.0062996978560053854,7,False
M66,0.06757629024130953,0.002942965529787141,7,True
A26,0.0675235529031072,0.0025462169468627176,7,False
J65,0.0672239953918116,0.005129621838326728,7,False
E44,0.06721310264297889,0.00575159480302888,7,False
B88,0.06680247666580334,0.004928609490964807,7,False
J92,0.06580764480999532,0.002357914057498544,7,False
G14,0.06520778419716014,0.0028432153953466942,7,False
B21,0.06394491504345616,0.0028187895007643613,7,False
